row_index,fecha,departamento,actual_multifatal,raw_probability,raw_threshold,raw_prediction,calibration_method,calibrated_probability,calibrated_threshold,calibrated_prediction
6872,2024-01-01,ICA,0,0.029871136,0.65,0,platt,0.006076951156548341,0.15,0
6873,2024-01-01,APURIMAC,0,0.032308277,0.65,0,platt,0.006519310737709117,0.15,0
6874,2024-01-01,LIMA,0,0.44145876,0.65,0,platt,0.09430034748003115,0.15,0
6875,2024-01-01,LIMA,0,0.04066229,0.65,0,platt,0.008018331065014917,0.15,0
6876,2024-01-01,CUSCO,0,0.22365846,0.65,0,platt,0.041334799036696235,0.15,0
6877,2024-01-01,APURIMAC,0,0.49077368,0.65,0,platt,0.11017376936931515,0.15,0
6878,2024-01-01,CAJAMARCA,0,0.73002,0.65,1,platt,0.23365599994729208,0.15,1
6879,2024-01-01,LIMA,0,0.23035386,0.65,0,platt,0.04267605070285599,0.15,0
6880,2024-01-02,ICA,0,0.58086354,0.65,0,platt,0.14533503206301573,0.15,0
6881,2024-01-02,LIMA,0,0.04320312,0.65,0,platt,0.008470071325511714,0.15,0
6882,2024-01-02,LIMA,0,0.06689307,0.65,0,platt,0.012630784722386771,0.15,0
6883,2024-01-02,AREQUIPA,0,0.00829626,0.65,0,platt,0.001954882038776278,0.15,0
6884,2024-01-03,AREQUIPA,0,0.24341367,0.65,0,platt,0.04533067260448873,0.15,0
6885,2024-01-03,MOQUEGUA,0,0.6167983,0.65,0,platt,0.16233842816142882,0.15,1
6886,2024-01-03,LA LIBERTAD,0,0.31762594,0.65,0,platt,0.061529549573275874,0.15,0
6887,2024-01-03,AMAZONAS,0,0.1481485,0.65,0,platt,0.02699491795929349,0.15,0
6888,2024-01-04,CUSCO,0,0.72046685,0.65,1,platt,0.22624022371139635,0.15,1
6889,2024-01-04,TUMBES,0,0.5198727,0.65,0,platt,0.12054821998850138,0.15,0
6890,2024-01-04,ICA,1,0.8917504,0.65,1,platt,0.4465490626943356,0.15,1
6891,2024-01-04,AYACUCHO,0,0.29779118,0.65,0,platt,0.05699586663478298,0.15,0
6892,2024-01-04,PUNO,0,0.6658034,0.65,1,platt,0.1892922019696693,0.15,1
6893,2024-01-05,JUNIN,0,0.40015876,0.65,0,platt,0.08238743827427053,0.15,0
6894,2024-01-05,AREQUIPA,0,0.5342133,0.65,0,platt,0.1259789773709759,0.15,0
6895,2024-01-05,TACNA,1,0.6524247,0.65,1,platt,0.18143782476434345,0.15,1
6896,2024-01-05,CUSCO,0,0.1729368,0.65,0,platt,0.03156001587212766,0.15,0
6897,2024-01-05,CUSCO,0,0.6876399,0.65,1,platt,0.20304071088509207,0.15,1
6898,2024-01-06,CUSCO,0,0.036442406,0.65,0,platt,0.007264088614457634,0.15,0
6899,2024-01-06,LIMA,0,0.012597931,0.65,0,platt,0.002824025260374538,0.15,0
6900,2024-01-06,CUSCO,0,0.294681,0.65,0,platt,0.05629946129472952,0.15,0
6901,2024-01-06,CAJAMARCA,0,0.11423177,0.65,0,platt,0.020918967826378806,0.15,0
6902,2024-01-06,PASCO,0,0.42921346,0.65,0,platt,0.09064863305864371,0.15,0
6903,2024-01-07,PUNO,0,0.06298853,0.65,0,platt,0.011948930746489532,0.15,0
6904,2024-01-07,LIMA,0,0.065881886,0.65,0,platt,0.012454273913301589,0.15,0
6905,2024-01-07,AREQUIPA,0,0.41513062,0.65,0,platt,0.08657621902299112,0.15,0
6906,2024-01-07,AYACUCHO,0,0.7380609,0.65,1,platt,0.24016058232526055,0.15,1
6907,2024-01-07,PUNO,0,0.19081317,0.65,0,platt,0.034932610907557574,0.15,0
6908,2024-01-08,LIMA,0,0.0950224,0.65,0,platt,0.01754068689106873,0.15,0
6909,2024-01-08,LA LIBERTAD,1,0.8358208,0.65,1,platt,0.3463648206720333,0.15,1
6910,2024-01-09,LA LIBERTAD,0,0.75515664,0.65,1,platt,0.2548639526228798,0.15,1
6911,2024-01-09,LIMA,0,0.17324395,0.65,0,platt,0.03161736289506596,0.15,0
6912,2024-01-10,LIMA,0,0.09990309,0.65,0,platt,0.01839595229417274,0.15,0
6913,2024-01-10,LIMA,0,0.14197129,0.65,0,platt,0.02587512776001806,0.15,0
6914,2024-01-10,ICA,1,0.6899846,0.65,1,platt,0.2045913464266195,0.15,1
6915,2024-01-11,PASCO,0,0.59762704,0.65,0,platt,0.15301351431974047,0.15,1
6916,2024-01-11,TACNA,0,0.7058963,0.65,1,platt,0.21553169714081963,0.15,1
6917,2024-01-11,CUSCO,0,0.64145696,0.65,0,platt,0.17529070615985845,0.15,1
6918,2024-01-11,CALLAO,0,0.07827838,0.65,0,platt,0.014616480537354887,0.15,0
6919,2024-01-11,LIMA,1,0.023898983,0.65,0,platt,0.004979818274521414,0.15,0
6920,2024-01-12,PIURA,1,0.51398695,0.65,0,platt,0.11838234181325881,0.15,0
6921,2024-01-12,LIMA,0,0.0899022,0.65,0,platt,0.016645159491266014,0.15,0
6922,2024-01-13,JUNIN,0,0.5578918,0.65,0,platt,0.13545924695053435,0.15,0
6923,2024-01-13,AREQUIPA,0,0.03685726,0.65,0,platt,0.007338483610495103,0.15,0
6924,2024-01-13,LIMA,0,0.29002357,0.65,0,platt,0.055263671115504294,0.15,0
6925,2024-01-13,PASCO,1,0.60442346,0.65,0,platt,0.15624997556794887,0.15,1
6926,2024-01-13,AREQUIPA,1,0.7393646,0.65,1,platt,0.24123896543922843,0.15,1
6927,2024-01-13,AREQUIPA,0,0.14708012,0.65,0,platt,0.02680077245727048,0.15,0
6928,2024-01-14,LIMA,0,0.042566366,0.65,0,platt,0.008357012766778792,0.15,0
6929,2024-01-14,CAJAMARCA,0,0.335819,0.65,0,platt,0.06583678303942474,0.15,0
6930,2024-01-14,LA LIBERTAD,1,0.6630095,0.65,1,platt,0.18761816660287053,0.15,1
6931,2024-01-14,LIMA,0,0.16831528,0.65,0,platt,0.03069958566851335,0.15,0
6932,2024-01-14,PIURA,0,0.046422776,0.65,0,platt,0.009040341035078421,0.15,0
6933,2024-01-14,LIMA,0,0.03131877,0.65,0,platt,0.006340031136612869,0.15,0
6934,2024-01-14,AYACUCHO,0,0.24775095,0.65,0,platt,0.046223964605129335,0.15,0
6935,2024-01-14,ICA,0,0.10347409,0.65,0,platt,0.019022909373948668,0.15,0
6936,2024-01-14,AYACUCHO,1,0.7666782,0.65,1,platt,0.2655138230902729,0.15,1
6937,2024-01-14,APURIMAC,0,0.16431715,0.65,0,platt,0.02995880107756831,0.15,0
6938,2024-01-15,PUNO,0,0.71824276,0.65,1,platt,0.22455998137263206,0.15,1
6939,2024-01-15,LIMA,0,0.08957112,0.65,0,platt,0.016587304266504562,0.15,0
6940,2024-01-15,LIMA,0,0.1603126,0.65,0,platt,0.029220059009650055,0.15,0
6941,2024-01-15,TUMBES,0,0.15704204,0.65,0,platt,0.028619055055277856,0.15,0
6942,2024-01-15,AMAZONAS,0,0.48023522,0.65,0,platt,0.1066121528003318,0.15,0
6943,2024-01-15,HUANCAVELICA,1,0.4184688,0.65,0,platt,0.08752963316300592,0.15,0
6944,2024-01-15,LA LIBERTAD,0,0.3629189,0.65,0,platt,0.0725415589833844,0.15,0
6945,2024-01-16,ICA,0,0.1624615,0.65,0,platt,0.02961608418957703,0.15,0
6946,2024-01-17,JUNIN,0,0.69005674,0.65,1,platt,0.2046392838952087,0.15,1
6947,2024-01-17,LIMA,0,0.10360592,0.65,0,platt,0.019046075914324157,0.15,0
6948,2024-01-17,PUNO,0,0.35599083,0.65,0,platt,0.07079283006334332,0.15,0
6949,2024-01-17,CUSCO,0,0.0770138,0.65,0,platt,0.014395971180042379,0.15,0
6950,2024-01-17,TUMBES,0,0.33591142,0.65,0,platt,0.06585904581556921,0.15,0
6951,2024-01-18,CAJAMARCA,0,0.711827,0.65,1,platt,0.21980652751178834,0.15,1
6952,2024-01-18,HUANCAVELICA,1,0.6980897,0.65,1,platt,0.2100709750767303,0.15,1
6953,2024-01-18,PIURA,0,0.29446095,0.65,0,platt,0.056250331177350316,0.15,0
6954,2024-01-18,LIMA,0,0.08275979,0.65,0,platt,0.01539811634710741,0.15,0
6955,2024-01-18,LIMA,0,0.06384234,0.65,0,platt,0.012098103416014735,0.15,0
6956,2024-01-19,JUNIN,1,0.67542577,0.65,1,platt,0.19520139091372143,0.15,1
6957,2024-01-19,PUNO,0,0.35045338,0.65,0,platt,0.06941257523606337,0.15,0
6958,2024-01-20,LIMA,0,0.33228534,0.65,0,platt,0.06498850454073371,0.15,0
6959,2024-01-20,PUNO,0,0.3017739,0.65,0,platt,0.057893258684858125,0.15,0
6960,2024-01-21,LA LIBERTAD,0,0.022556419,0.65,0,platt,0.00473006118199262,0.15,0
6961,2024-01-21,PASCO,0,0.68542105,0.65,1,platt,0.20158720062602445,0.15,1
6962,2024-01-21,CAJAMARCA,0,0.38353196,0.65,0,platt,0.07789490255379802,0.15,0
6963,2024-01-21,PIURA,0,0.25892296,0.65,0,platt,0.04855289627447588,0.15,0
6964,2024-01-21,LA LIBERTAD,0,0.3845875,0.65,0,platt,0.07817533619831975,0.15,0
6965,2024-01-22,LIMA,0,0.016483545,0.65,0,platt,0.003581154725043281,0.15,0
6966,2024-01-22,LIMA,0,0.07355178,0.65,0,platt,0.013792310344269556,0.15,0
6967,2024-01-22,LA LIBERTAD,0,0.11750149,0.65,0,platt,0.02149775598461564,0.15,0
6968,2024-01-22,CAJAMARCA,0,0.4860446,0.65,0,platt,0.10856332023943091,0.15,0
6969,2024-01-23,JUNIN,0,0.6126175,0.65,0,platt,0.1602524121591354,0.15,1
6970,2024-01-23,TUMBES,0,0.17688617,0.65,0,platt,0.03229892976286655,0.15,0
6971,2024-01-23,AYACUCHO,1,0.7861847,0.65,1,platt,0.2851025637792402,0.15,1
6972,2024-01-23,LA LIBERTAD,0,0.29596728,0.65,0,platt,0.05658701028958489,0.15,0
6973,2024-01-24,PIURA,0,0.06546753,0.65,0,platt,0.012381931068797754,0.15,0
6974,2024-01-24,PUNO,1,0.63258755,0.65,0,platt,0.1704990554888901,0.15,1
6975,2024-01-24,AYACUCHO,0,0.123782404,0.65,0,platt,0.022613270346372324,0.15,0
6976,2024-01-24,LA LIBERTAD,0,0.62419415,0.65,0,platt,0.16610405993016178,0.15,1
6977,2024-01-24,CAJAMARCA,0,0.060421117,0.65,0,platt,0.011500077157952149,0.15,0
6978,2024-01-24,AREQUIPA,0,0.20537952,0.65,0,platt,0.03773702216702996,0.15,0
6979,2024-01-24,SAN MARTIN,0,0.4627221,0.65,0,platt,0.10090365944492398,0.15,0
6980,2024-01-24,CAJAMARCA,0,0.08624305,0.65,0,platt,0.01600602671567339,0.15,0
6981,2024-01-25,LA LIBERTAD,0,0.76378304,0.65,1,platt,0.26277750225932495,0.15,1
6982,2024-01-25,LIMA,0,0.09356261,0.65,0,platt,0.01728520594588898,0.15,0
6983,2024-01-25,CUSCO,0,0.16716322,0.65,0,platt,0.03048579374798042,0.15,0
6984,2024-01-25,LIMA,0,0.13686398,0.65,0,platt,0.024954104608847866,0.15,0
6985,2024-01-25,LIMA,0,0.2095135,0.65,0,platt,0.03854279163332514,0.15,0
6986,2024-01-25,AREQUIPA,0,0.054660857,0.65,0,platt,0.010490950453025694,0.15,0
6987,2024-01-26,AYACUCHO,0,0.7642906,0.65,1,platt,0.2632541915578122,0.15,1
6988,2024-01-26,LIMA,0,0.44629186,0.65,0,platt,0.09577129224000365,0.15,0
6989,2024-01-26,LIMA,1,0.51503,0.65,0,platt,0.1187635874917771,0.15,0
6990,2024-01-26,AREQUIPA,0,0.25595322,0.65,0,platt,0.047929812263005106,0.15,0
6991,2024-01-26,ICA,0,0.014125621,0.65,0,platt,0.00312426646145834,0.15,0
6992,2024-01-27,CALLAO,0,0.22350788,0.65,0,platt,0.04130478369120083,0.15,0
6993,2024-01-27,PUNO,0,0.5358825,0.65,0,platt,0.12662576338977358,0.15,0
6994,2024-01-28,AREQUIPA,0,0.42457172,0.65,0,platt,0.08929167797354864,0.15,0
6995,2024-01-28,ICA,0,0.2550123,0.65,0,platt,0.04773300923885171,0.15,0
6996,2024-01-28,CUSCO,0,0.08890748,0.65,0,platt,0.016471352686133724,0.15,0
6997,2024-01-28,PUNO,0,0.633301,0.65,0,platt,0.17087879749077817,0.15,1
6998,2024-01-28,LIMA,0,0.04816394,0.65,0,platt,0.009347861324368987,0.15,0
6999,2024-01-28,LA LIBERTAD,1,0.43871853,0.65,0,platt,0.09347392080639969,0.15,0
7000,2024-01-28,TUMBES,0,0.06459185,0.65,0,platt,0.012229016996910558,0.15,0
7001,2024-01-29,PASCO,0,0.2479978,0.65,0,platt,0.04627498530585618,0.15,0
7002,2024-01-30,HUANCAVELICA,0,0.4081202,0.65,0,platt,0.08459734815643564,0.15,0
7003,2024-01-30,CALLAO,0,0.046782617,0.65,0,platt,0.009103942417778961,0.15,0
7004,2024-01-30,AMAZONAS,0,0.11480139,0.65,0,platt,0.021019708748761294,0.15,0
7005,2024-01-30,CAJAMARCA,0,0.7680197,0.65,1,platt,0.2667958841249227,0.15,1
7006,2024-01-30,ICA,0,0.8012568,0.65,1,platt,0.3017778866161968,0.15,1
7007,2024-01-30,TUMBES,0,0.32066706,0.65,0,platt,0.062239314292956587,0.15,0
7008,2024-01-30,LIMA,0,0.19044442,0.65,0,platt,0.03486229637003252,0.15,0
7009,2024-01-31,TACNA,0,0.09721706,0.65,0,platt,0.01792504977615284,0.15,0
7010,2024-01-31,ICA,0,0.46948627,0.65,0,platt,0.10307835696219189,0.15,0
7011,2024-01-31,ICA,0,0.079542875,0.65,0,platt,0.014836993256244975,0.15,0
7012,2024-01-31,LIMA,0,0.12313036,0.65,0,platt,0.022497227230377906,0.15,0
7013,2024-01-31,LIMA,0,0.09632599,0.65,0,platt,0.0177689512806442,0.15,0
7014,2024-01-31,LIMA,0,0.31867748,0.65,0,platt,0.061774515719147126,0.15,0
7015,2024-02-01,LIMA,0,0.008473939,0.65,0,platt,0.0019916446332310343,0.15,0
7016,2024-02-01,LIMA,0,0.100393325,0.65,0,platt,0.018481958812827486,0.15,0
7017,2024-02-01,AYACUCHO,0,0.6880078,0.65,1,platt,0.2032829980601516,0.15,1
7018,2024-02-01,AREQUIPA,0,0.74569386,0.65,1,platt,0.24657231819598532,0.15,1
7019,2024-02-01,LA LIBERTAD,0,0.48799866,0.65,0,platt,0.10922632919419495,0.15,0
7020,2024-02-01,CAJAMARCA,0,0.38867342,0.65,0,platt,0.07926687844567783,0.15,0
7021,2024-02-01,CAJAMARCA,0,0.21487044,0.65,0,platt,0.03959370318924301,0.15,0
7022,2024-02-02,LIMA,0,0.039568312,0.65,0,platt,0.007823306939135811,0.15,0
7023,2024-02-03,LIMA,0,0.13297696,0.65,0,platt,0.024255915796944718,0.15,0
7024,2024-02-03,AREQUIPA,0,0.892625,0.65,1,platt,0.44851285739272806,0.15,1
7025,2024-02-03,LIMA,0,0.009438697,0.65,0,platt,0.002189780247123221,0.15,0
7026,2024-02-03,LIMA,0,0.056161247,0.65,0,platt,0.010754127229154357,0.15,0
7027,2024-02-03,ICA,0,0.23256826,0.65,0,platt,0.04312253724352806,0.15,0
7028,2024-02-03,CUSCO,0,0.0684765,0.65,0,platt,0.012907102537088965,0.15,0
7029,2024-02-04,CUSCO,0,0.1603794,0.65,0,platt,0.029232356315375446,0.15,0
7030,2024-02-04,LIMA,0,0.056435198,0.65,0,platt,0.010802152429557593,0.15,0
7031,2024-02-04,CUSCO,0,0.51884085,0.65,0,platt,0.12016591878492495,0.15,0
7032,2024-02-04,LIMA,0,0.42476475,0.65,0,platt,0.08934781615769215,0.15,0
7033,2024-02-04,AREQUIPA,0,0.7966679,0.65,1,platt,0.29654519970696924,0.15,1
7034,2024-02-04,CUSCO,0,0.1328998,0.65,0,platt,0.024242080015599354,0.15,0
7035,2024-02-05,SAN MARTIN,0,0.53827286,0.65,0,platt,0.12755750700849586,0.15,0
7036,2024-02-05,LIMA,0,0.02659405,0.65,0,platt,0.005477500348929046,0.15,0
7037,2024-02-05,PIURA,0,0.40585142,0.65,0,platt,0.08396359228561606,0.15,0
7038,2024-02-07,CALLAO,0,0.05185485,0.65,0,platt,0.009998011980433813,0.15,0
7039,2024-02-07,LIMA,0,0.13765778,0.65,0,platt,0.02509697768798772,0.15,0
7040,2024-02-07,SAN MARTIN,0,0.059353605,0.65,0,platt,0.011313299405973528,0.15,0
7041,2024-02-07,LIMA,0,0.16366524,0.65,0,platt,0.029838321534752348,0.15,0
7042,2024-02-08,LA LIBERTAD,1,0.92101026,0.65,1,platt,0.5221989278769195,0.15,1
7043,2024-02-08,CAJAMARCA,0,0.7716552,0.65,1,platt,0.27031668280602794,0.15,1
7044,2024-02-08,LIMA,0,0.012396561,0.65,0,platt,0.0027841681411373996,0.15,0
7045,2024-02-08,PIURA,0,0.69859725,0.65,1,platt,0.21042043000744265,0.15,1
7046,2024-02-08,AREQUIPA,0,0.19673778,0.65,0,platt,0.03606687393133721,0.15,0
7047,2024-02-09,CUSCO,0,0.5579022,0.65,0,platt,0.13546357338101478,0.15,0
7048,2024-02-09,CUSCO,0,0.035033792,0.65,0,platt,0.007011040627831539,0.15,0
7049,2024-02-09,PUNO,0,0.2784769,0.65,0,platt,0.05273134319276496,0.15,0
7050,2024-02-09,LIMA,0,0.055355158,0.65,0,platt,0.010612766780933824,0.15,0
7051,2024-02-10,AYACUCHO,1,0.6916028,0.65,1,platt,0.2056704247281329,0.15,1
7052,2024-02-10,AREQUIPA,1,0.70534194,0.65,1,platt,0.21513776862595618,0.15,1
7053,2024-02-10,AREQUIPA,0,0.099207416,0.65,0,platt,0.01827393607652333,0.15,0
7054,2024-02-10,JUNIN,0,0.033572894,0.65,0,platt,0.006747833487255419,0.15,0
7055,2024-02-10,LIMA,0,0.09904325,0.65,0,platt,0.018245148169611817,0.15,0
7056,2024-02-11,LIMA,0,0.020946857,0.65,0,platt,0.004428821067769196,0.15,0
7057,2024-02-11,PUNO,1,0.055303752,0.65,0,platt,0.010603749565965817,0.15,0
7058,2024-02-11,AMAZONAS,0,0.03232455,0.65,0,platt,0.006522255388902774,0.15,0
7059,2024-02-11,CAJAMARCA,0,0.8206139,0.65,1,platt,0.32552895293929096,0.15,1
7060,2024-02-11,LIMA,0,0.20013276,0.65,0,platt,0.0367207460699881,0.15,0
7061,2024-02-11,LIMA,0,0.27536744,0.65,0,platt,0.05205783574587716,0.15,0
7062,2024-02-11,ICA,0,0.09228342,0.65,0,platt,0.01706144295201141,0.15,0
7063,2024-02-12,PIURA,0,0.0950814,0.65,0,platt,0.01755101443260545,0.15,0
7064,2024-02-12,CUSCO,1,0.7462769,0.65,1,platt,0.2470719954065148,0.15,1
7065,2024-02-12,ICA,0,0.53220135,0.65,0,platt,0.1252035155467992,0.15,0
7066,2024-02-12,PIURA,0,0.5656543,0.65,0,platt,0.1387175309077018,0.15,0
7067,2024-02-12,LIMA,0,0.008612887,0.65,0,platt,0.0020203322141912755,0.15,0
7068,2024-02-13,AREQUIPA,0,0.081922494,0.65,0,platt,0.015252044699841528,0.15,0
7069,2024-02-13,ICA,0,0.29240555,0.65,0,platt,0.0557923590181126,0.15,0
7070,2024-02-13,LIMA,0,0.0137775475,0.65,0,platt,0.003056175683038158,0.15,0
7071,2024-02-13,LIMA,0,0.07666951,0.65,0,platt,0.01433593783960941,0.15,0
7072,2024-02-14,CUSCO,0,0.6333586,0.65,0,platt,0.17090948615206789,0.15,1
7073,2024-02-14,PUNO,0,0.8676455,0.65,1,platt,0.39790917618348975,0.15,1
7074,2024-02-14,CUSCO,0,0.40827516,0.65,0,platt,0.08464075571582987,0.15,0
7075,2024-02-14,PUNO,0,0.34003648,0.65,0,platt,0.06685681608568088,0.15,0
7076,2024-02-15,PUNO,0,0.21285997,0.65,0,platt,0.03919838714312259,0.15,0
7077,2024-02-15,CUSCO,0,0.010486882,0.65,0,platt,0.0024024864841877156,0.15,0
7078,2024-02-16,PUNO,0,0.065280184,0.65,0,platt,0.01234921964930887,0.15,0
7079,2024-02-16,LIMA,0,0.005157618,0.65,0,platt,0.0012878985184909518,0.15,0
7080,2024-02-16,APURIMAC,1,0.7626365,0.65,1,platt,0.2617052623558772,0.15,1
7081,2024-02-16,LIMA,0,0.22618933,0.65,0,platt,0.04184026695393714,0.15,0
7082,2024-02-17,CAJAMARCA,0,0.13944551,0.65,0,platt,0.02541911473575845,0.15,0
7083,2024-02-17,ICA,0,0.08262183,0.65,0,platt,0.015374046637462089,0.15,0
7084,2024-02-17,ICA,0,0.63655937,0.65,0,platt,0.17262560983159506,0.15,1
7085,2024-02-17,CAJAMARCA,0,0.47513252,0.65,0,platt,0.10492244311615087,0.15,0
7086,2024-02-17,LA LIBERTAD,0,0.4281116,0.65,0,platt,0.09032518957925045,0.15,0
7087,2024-02-17,CAJAMARCA,0,0.17242233,0.65,0,platt,0.03146400984116989,0.15,0
7088,2024-02-17,CUSCO,0,0.029843407,0.65,0,platt,0.006071902221075042,0.15,0
7089,2024-02-18,PUNO,0,0.071497686,0.65,0,platt,0.013434105756736772,0.15,0
7090,2024-02-18,TACNA,0,0.07514871,0.65,0,platt,0.01407076375432718,0.15,0
7091,2024-02-18,LA LIBERTAD,0,0.20866469,0.65,0,platt,0.03837697872516811,0.15,0
7092,2024-02-18,CUSCO,0,0.33549288,0.65,0,platt,0.06575825247737545,0.15,0
7093,2024-02-18,ICA,0,0.07198714,0.65,0,platt,0.013519464412159173,0.15,0
7094,2024-02-18,LA LIBERTAD,0,0.09049957,0.65,0,platt,0.016749562546375267,0.15,0
7095,2024-02-18,AREQUIPA,0,0.11981528,0.65,0,platt,0.021908110778470522,0.15,0
7096,2024-02-19,CUSCO,1,0.45798635,0.65,0,platt,0.09940291887500889,0.15,0
7097,2024-02-19,PIURA,0,0.056332327,0.65,0,platt,0.010784119600856288,0.15,0
7098,2024-02-19,LIMA,0,0.5849682,0.65,0,platt,0.14717655408353963,0.15,0
7099,2024-02-19,AYACUCHO,0,0.7948523,0.65,1,platt,0.2945135870231351,0.15,1
7100,2024-02-19,PUNO,0,0.0707097,0.65,0,platt,0.01329667377729976,0.15,0
7101,2024-02-19,JUNIN,0,0.60281533,0.65,0,platt,0.155477485524299,0.15,1
7102,2024-02-20,ICA,0,0.67407143,0.65,1,platt,0.19435589577099793,0.15,1
7103,2024-02-20,PUNO,0,0.21752802,0.65,0,platt,0.040117957317756144,0.15,0
7104,2024-02-20,LIMA,0,0.046135478,0.65,0,platt,0.008989543146856224,0.15,0
7105,2024-02-20,LIMA,0,0.2546905,0.65,0,platt,0.04766576741953111,0.15,0
7106,2024-02-21,APURIMAC,0,0.3805341,0.65,0,platt,0.07710187158515619,0.15,0
7107,2024-02-22,CAJAMARCA,0,0.17628302,0.65,0,platt,0.03218586180806534,0.15,0
7108,2024-02-22,LA LIBERTAD,0,0.8657928,0.65,1,platt,0.3945574371175136,0.15,1
7109,2024-02-22,LA LIBERTAD,0,0.64949733,0.65,0,platt,0.17977226865764667,0.15,1
7110,2024-02-22,PIURA,0,0.13912287,0.65,0,platt,0.025360939305438215,0.15,0
7111,2024-02-22,ICA,1,0.20343454,0.65,0,platt,0.037359464007985906,0.15,0
7112,2024-02-23,CUSCO,0,0.004183138,0.65,0,platt,0.0010719070842819464,0.15,0
7113,2024-02-23,MOQUEGUA,1,0.35350752,0.65,0,platt,0.07017195139145506,0.15,0
7114,2024-02-23,AMAZONAS,0,0.8184778,0.65,1,platt,0.32276475440302704,0.15,1
7115,2024-02-23,LIMA,1,0.4489175,0.65,0,platt,0.09657764207387366,0.15,0
7116,2024-02-23,LIMA,0,0.16393618,0.65,0,platt,0.0298883849686327,0.15,0
7117,2024-02-24,LIMA,0,0.066458404,0.65,0,platt,0.012554915490476673,0.15,0
7118,2024-02-24,CALLAO,0,0.19510268,0.65,0,platt,0.03575297656793328,0.15,0
7119,2024-02-24,LIMA,0,0.19224975,0.65,0,platt,0.03520685827743199,0.15,0
7120,2024-02-24,CUSCO,0,0.6699885,0.65,1,platt,0.19183456424864542,0.15,1
7121,2024-02-24,LA LIBERTAD,0,0.42629904,0.65,0,platt,0.08979492293059119,0.15,0
7122,2024-02-24,AREQUIPA,0,0.3794747,0.65,0,platt,0.07682282633187737,0.15,0
7123,2024-02-24,LA LIBERTAD,0,0.4223342,0.65,0,platt,0.08864277335698731,0.15,0
7124,2024-02-25,AREQUIPA,0,0.003338625,0.65,0,platt,0.0008797678651279896,0.15,0
7125,2024-02-25,TUMBES,0,0.42194602,0.65,0,platt,0.08853054013613006,0.15,0
7126,2024-02-25,LIMA,0,0.019816648,0.65,0,platt,0.0042159995107914836,0.15,0
7127,2024-02-25,TUMBES,0,0.022540234,0.65,0,platt,0.004727042279401845,0.15,0
7128,2024-02-25,CUSCO,0,0.74060124,0.65,1,platt,0.2422681287660135,0.15,1
7129,2024-02-25,PUNO,0,0.68034583,0.65,1,platt,0.19831217092023284,0.15,1
7130,2024-02-25,JUNIN,0,0.03313252,0.65,0,platt,0.006668329677410451,0.15,0
7131,2024-02-26,AMAZONAS,0,0.048954565,0.65,0,platt,0.009487317571563503,0.15,0
7132,2024-02-26,CALLAO,0,0.041327372,0.65,0,platt,0.008136736920809075,0.15,0
7133,2024-02-26,LA LIBERTAD,0,0.90761817,0.65,1,platt,0.4848170980673492,0.15,1
7134,2024-02-26,CAJAMARCA,1,0.81573117,0.65,1,platt,0.31926530685834487,0.15,1
7135,2024-02-26,MOQUEGUA,0,0.24748643,0.65,0,platt,0.04616931282907051,0.15,0
7136,2024-02-26,CUSCO,1,0.19048597,0.65,0,platt,0.03487021670660566,0.15,0
7137,2024-02-26,LIMA,0,0.16321892,0.65,0,platt,0.029755886518951637,0.15,0
7138,2024-02-27,PIURA,0,0.019057887,0.65,0,platt,0.0040724718705642,0.15,0
7139,2024-02-27,LA LIBERTAD,0,0.25627545,0.65,0,platt,0.047997275935673794,0.15,0
7140,2024-02-27,LA LIBERTAD,0,0.61942244,0.65,0,platt,0.1636633454778644,0.15,1
7141,2024-02-28,PIURA,0,0.01448301,0.65,0,platt,0.0031939963701554113,0.15,0
7142,2024-02-28,AREQUIPA,0,0.18448785,0.65,0,platt,0.033730916754321036,0.15,0
7143,2024-02-28,LIMA,0,0.085403904,0.65,0,platt,0.01585953740109155,0.15,0
7144,2024-02-28,PASCO,0,0.28088307,0.65,0,platt,0.05325494582937583,0.15,0
7145,2024-02-28,APURIMAC,1,0.80163294,0.65,1,platt,0.3022131692634608,0.15,1
7146,2024-02-28,TACNA,0,0.23638959,0.65,0,platt,0.04389647115575388,0.15,0
7147,2024-02-28,LA LIBERTAD,0,0.42575055,0.65,0,platt,0.08963490618535078,0.15,0
7148,2024-02-29,AREQUIPA,0,0.7870298,0.65,1,platt,0.2859997897708142,0.15,1
7149,2024-02-29,CAJAMARCA,0,0.2570477,0.65,0,platt,0.048159105813839975,0.15,0
7150,2024-02-29,LIMA,0,0.08133448,0.65,0,platt,0.015149472372717026,0.15,0
7151,2024-03-01,APURIMAC,1,0.032935783,0.65,0,platt,0.006632786220945059,0.15,0
7152,2024-03-01,CAJAMARCA,0,0.19063625,0.65,0,platt,0.03489887029888096,0.15,0
7153,2024-03-01,TACNA,1,0.6266534,0.65,0,platt,0.16737813587928144,0.15,1
7154,2024-03-01,PUNO,0,0.70458645,0.65,1,platt,0.21460247397111873,0.15,1
7155,2024-03-02,LIMA,1,0.087385796,0.65,0,platt,0.01620556183179906,0.15,0
7156,2024-03-02,LIMA,0,0.058445115,0.65,0,platt,0.011154267840534856,0.15,0
7157,2024-03-02,CAJAMARCA,0,0.06981794,0.65,0,platt,0.013141126569648727,0.15,0
7158,2024-03-03,JUNIN,0,0.3046083,0.65,0,platt,0.058535796327297475,0.15,0
7159,2024-03-03,LA LIBERTAD,0,0.7345738,0.65,1,platt,0.23730916507381777,0.15,1
7160,2024-03-03,AYACUCHO,0,0.033000596,0.65,0,platt,0.00664449736164036,0.15,0
7161,2024-03-04,PUNO,0,0.59468096,0.65,0,platt,0.1516332731585498,0.15,1
7162,2024-03-04,TACNA,0,0.24468343,0.65,0,platt,0.04559157209198035,0.15,0
7163,2024-03-04,TACNA,0,0.6150233,0.65,0,platt,0.1614491077556218,0.15,1
7164,2024-03-04,LIMA,0,0.041839935,0.65,0,platt,0.008227910401946323,0.15,0
7165,2024-03-04,LIMA,0,0.03040553,0.65,0,platt,0.006174181538370103,0.15,0
7166,2024-03-05,LA LIBERTAD,0,0.08261314,0.65,0,platt,0.015372531005580833,0.15,0
7167,2024-03-05,CUSCO,0,0.5473067,0.65,0,platt,0.13113853066358028,0.15,0
7168,2024-03-05,AREQUIPA,0,0.8357662,0.65,1,platt,0.3462861484659075,0.15,1
7169,2024-03-05,AREQUIPA,0,0.5043305,0.65,0,platt,0.11490463522924146,0.15,0
7170,2024-03-06,ICA,0,0.058816623,0.65,0,platt,0.011219309434946772,0.15,0
7171,2024-03-06,CAJAMARCA,0,0.248033,0.65,0,platt,0.04628226148602257,0.15,0
7172,2024-03-06,ICA,0,0.44030356,0.65,0,platt,0.09395129067235318,0.15,0
7173,2024-03-06,LIMA,0,0.11703351,0.65,0,platt,0.021414839072779485,0.15,0
7174,2024-03-07,LIMA,0,0.08424361,0.65,0,platt,0.01565702771754648,0.15,0
7175,2024-03-07,ICA,0,0.032288853,0.65,0,platt,0.006515795615654236,0.15,0
7176,2024-03-07,AREQUIPA,0,0.3653713,0.65,0,platt,0.07316650670877221,0.15,0
7177,2024-03-07,CAJAMARCA,0,0.52918136,0.65,0,platt,0.12404795173422646,0.15,0
7178,2024-03-07,LA LIBERTAD,0,0.8582787,0.65,1,platt,0.3814498965196615,0.15,1
7179,2024-03-07,PUNO,0,0.3549934,0.65,0,platt,0.07054308093348043,0.15,0
7180,2024-03-08,CALLAO,0,0.5753765,0.65,0,platt,0.14291088069073782,0.15,0
7181,2024-03-08,LA LIBERTAD,0,0.82160765,0.65,1,platt,0.3268278406271848,0.15,1
7182,2024-03-08,LIMA,0,0.034043994,0.65,0,platt,0.006832799668588288,0.15,0
7183,2024-03-08,CAJAMARCA,0,0.018886365,0.65,0,platt,0.004039950657073852,0.15,0
7184,2024-03-09,LIMA,0,0.025123527,0.65,0,platt,0.005206524324150838,0.15,0
7185,2024-03-09,CAJAMARCA,0,0.5499973,0.65,0,platt,0.13222379044617413,0.15,0
7186,2024-03-10,LIMA,0,0.041957468,0.65,0,platt,0.008248807435522986,0.15,0
7187,2024-03-10,LIMA,0,0.10283353,0.65,0,platt,0.01891036669865787,0.15,0
7188,2024-03-10,AREQUIPA,0,0.70986193,0.65,1,platt,0.21837769185631328,0.15,1
7189,2024-03-10,LA LIBERTAD,0,0.6050498,0.65,0,platt,0.1565519790130751,0.15,1
7190,2024-03-10,TACNA,0,0.0633661,0.65,0,platt,0.012014903236472852,0.15,0
7191,2024-03-10,LIMA,0,0.008509646,0.65,0,platt,0.00199902187102374,0.15,0
7192,2024-03-11,JUNIN,0,0.076741435,0.65,0,platt,0.014348479703988372,0.15,0
7193,2024-03-11,CAJAMARCA,1,0.31405145,0.65,0,platt,0.060700392804444725,0.15,0
7194,2024-03-11,CUSCO,0,0.69775677,0.65,1,platt,0.2098421384349801,0.15,1
7195,2024-03-11,LIMA,1,0.09044972,0.65,0,platt,0.01674084919765892,0.15,0
7196,2024-03-12,LIMA,0,0.11869271,0.65,0,platt,0.021708938210253867,0.15,0
7197,2024-03-12,LIMA,0,0.048279636,0.65,0,platt,0.00936827553540177,0.15,0
7198,2024-03-12,AYACUCHO,1,0.6741679,0.65,1,platt,0.19441595011222162,0.15,1
7199,2024-03-12,LIMA,0,0.29907116,0.65,0,platt,0.057283581897322154,0.15,0
7200,2024-03-12,LIMA,0,0.42681432,0.65,0,platt,0.08994544003613034,0.15,0
7201,2024-03-12,AREQUIPA,1,0.78061146,0.65,1,platt,0.27929064725219577,0.15,1
7202,2024-03-12,AYACUCHO,0,0.09583529,0.65,0,platt,0.01768301334261475,0.15,0
7203,2024-03-12,AREQUIPA,1,0.79726005,0.65,1,platt,0.2972125207011835,0.15,1
7204,2024-03-12,PUNO,0,0.08973239,0.65,0,platt,0.016615485803581933,0.15,0
7205,2024-03-13,CUSCO,0,0.31861192,0.65,0,platt,0.06175922781652371,0.15,0
7206,2024-03-13,TACNA,0,0.6712747,0.65,1,platt,0.19262441037550831,0.15,1
7207,2024-03-13,LIMA,0,0.08652227,0.65,0,platt,0.01605477723229964,0.15,0
7208,2024-03-14,LIMA,0,0.18466893,0.65,0,platt,0.03376518824421899,0.15,0
7209,2024-03-14,CUSCO,0,0.069745146,0.65,0,platt,0.013128428759503118,0.15,0
7210,2024-03-14,LIMA,0,0.43955615,0.65,0,platt,0.09372596501585057,0.15,0
7211,2024-03-15,ICA,0,0.0037457726,0.65,0,platt,0.000973054761480464,0.15,0
7212,2024-03-15,ICA,0,0.023379834,0.65,0,platt,0.004883395654977376,0.15,0
7213,2024-03-15,ICA,0,0.18840347,0.65,0,platt,0.034473700792484865,0.15,0
7214,2024-03-15,CAJAMARCA,1,0.47470623,0.65,0,platt,0.10478228324856,0.15,0
7215,2024-03-15,LIMA,0,0.082024604,0.65,0,platt,0.015269857495125931,0.15,0
7216,2024-03-16,JUNIN,0,0.5953749,0.65,0,platt,0.15195715985368158,0.15,1
7217,2024-03-17,APURIMAC,0,0.07356881,0.65,0,platt,0.013795280274892612,0.15,0
7218,2024-03-17,AREQUIPA,0,0.36606315,0.65,0,platt,0.07334338587773535,0.15,0
7219,2024-03-17,LIMA,1,0.8901427,0.65,1,platt,0.4429794615067092,0.15,1
7220,2024-03-17,LIMA,0,0.07330905,0.65,0,platt,0.013749983997627422,0.15,0
7221,2024-03-17,LIMA,0,0.15738212,0.65,0,platt,0.028681451919842584,0.15,0
7222,2024-03-17,CUSCO,0,0.17491409,0.65,0,platt,0.03192953710149447,0.15,0
7223,2024-03-18,PUNO,0,0.2757857,0.65,0,platt,0.05214823002119738,0.15,0
7224,2024-03-18,LA LIBERTAD,0,0.04862481,0.65,0,platt,0.009429166243062887,0.15,0
7225,2024-03-18,LIMA,0,0.07451362,0.65,0,platt,0.013960026231338074,0.15,0
7226,2024-03-18,LIMA,0,0.036915246,0.65,0,platt,0.007348877948522853,0.15,0
7227,2024-03-18,LIMA,0,0.18270814,0.65,0,platt,0.03339448648208397,0.15,0
7228,2024-03-18,CUSCO,0,0.10749758,0.65,0,platt,0.019730683812290026,0.15,0
7229,2024-03-18,AMAZONAS,0,0.537321,0.65,0,platt,0.1271856938322038,0.15,0
7230,2024-03-19,CUSCO,0,0.3602061,0.65,0,platt,0.07185388109069511,0.15,0
7231,2024-03-19,PIURA,0,0.48353988,0.65,0,platt,0.10771844426523508,0.15,0
7232,2024-03-19,AREQUIPA,0,0.74627334,0.65,1,platt,0.2470689261471227,0.15,1
7233,2024-03-20,AREQUIPA,0,0.049254905,0.65,0,platt,0.009540265498422774,0.15,0
7234,2024-03-20,PUNO,0,0.084184565,0.65,0,platt,0.01564672350335918,0.15,0
7235,2024-03-21,CAJAMARCA,0,0.48750487,0.65,0,platt,0.10905846506082216,0.15,0
7236,2024-03-21,AYACUCHO,0,0.053936433,0.65,0,platt,0.010363787121174995,0.15,0
7237,2024-03-21,JUNIN,1,0.69237065,0.65,1,platt,0.20618501329593572,0.15,1
7238,2024-03-22,LIMA,0,0.027741527,0.65,0,platt,0.0056880582515351375,0.15,0
7239,2024-03-22,LIMA,0,0.08444272,0.65,0,platt,0.01569177555592159,0.15,0
7240,2024-03-22,JUNIN,0,0.7396478,0.65,1,platt,0.24147409748043866,0.15,1
7241,2024-03-22,HUANCAVELICA,0,0.3347239,0.65,0,platt,0.06557327689981544,0.15,0
7242,2024-03-22,AREQUIPA,0,0.58766407,0.65,0,platt,0.14839939963364526,0.15,0
7243,2024-03-22,AREQUIPA,0,0.14623722,0.65,0,platt,0.02664774281669079,0.15,0
7244,2024-03-22,LIMA,0,0.4659608,0.65,0,platt,0.1019402836811938,0.15,0
7245,2024-03-23,LIMA,0,0.098161235,0.65,0,platt,0.01809051523178489,0.15,0
7246,2024-03-23,PUNO,0,0.23780756,0.65,0,platt,0.04418477442130526,0.15,0
7247,2024-03-23,JUNIN,1,0.693495,0.65,1,platt,0.2069415339707225,0.15,1
7248,2024-03-23,CAJAMARCA,0,0.4658461,0.65,0,platt,0.10190342389174996,0.15,0
7249,2024-03-23,LIMA,0,0.1389088,0.65,0,platt,0.02532234948010437,0.15,0
7250,2024-03-24,ICA,0,0.08343788,0.65,0,platt,0.015516428115703114,0.15,0
7251,2024-03-24,LIMA,0,0.09910837,0.65,0,platt,0.018256566919711108,0.15,0
7252,2024-03-24,PUNO,0,0.4985636,0.65,0,platt,0.11287107085147381,0.15,0
7253,2024-03-24,ICA,0,0.012991433,0.65,0,platt,0.0029017149280831144,0.15,0
7254,2024-03-24,LA LIBERTAD,1,0.70359993,0.65,1,platt,0.2139061362992209,0.15,1
7255,2024-03-24,LIMA,0,0.5285163,0.65,0,platt,0.12379481626921407,0.15,0
7256,2024-03-24,HUANCAVELICA,0,0.11692542,0.65,0,platt,0.021395690791415515,0.15,0
7257,2024-03-24,AREQUIPA,0,0.434028,0.65,0,platt,0.09207177247614233,0.15,0
7258,2024-03-25,PIURA,0,0.18192826,0.65,0,platt,0.03324728830785392,0.15,0
7259,2024-03-25,PIURA,0,0.04293102,0.65,0,platt,0.00842177070307887,0.15,0
7260,2024-03-25,LIMA,0,0.062309638,0.65,0,platt,0.011830287045205624,0.15,0
7261,2024-03-25,LIMA,0,0.14349213,0.65,0,platt,0.026150217200531303,0.15,0
7262,2024-03-25,ICA,0,0.16146192,0.65,0,platt,0.029431756252296076,0.15,0
7263,2024-03-25,CUSCO,0,0.21012315,0.65,0,platt,0.03866200292167042,0.15,0
7264,2024-03-26,PUNO,0,0.56839055,0.65,0,platt,0.13988484431770953,0.15,0
7265,2024-03-26,CUSCO,0,0.65186363,0.65,1,platt,0.1811171720294595,0.15,1
7266,2024-03-26,LIMA,0,0.14887668,0.65,0,platt,0.027127356645293147,0.15,0
7267,2024-03-26,AREQUIPA,1,0.97156346,0.65,1,platt,0.7365263708602349,0.15,1
7268,2024-03-27,PIURA,0,0.2766678,0.65,0,platt,0.05233906734642026,0.15,0
7269,2024-03-28,ICA,0,0.7079588,0.65,1,platt,0.21700568504474263,0.15,1
7270,2024-03-28,ICA,0,0.6074516,0.65,0,platt,0.15771607072370675,0.15,1
7271,2024-03-28,ICA,0,0.89931345,0.65,1,platt,0.46406776743214173,0.15,1
7272,2024-03-28,AMAZONAS,1,0.89599115,0.65,1,platt,0.45622013059278455,0.15,1
7273,2024-03-29,AYACUCHO,0,0.07390524,0.65,0,platt,0.01385394305935564,0.15,0
7274,2024-03-29,TACNA,0,0.05102997,0.65,0,platt,0.00985289633530052,0.15,0
7275,2024-03-29,LIMA,0,0.1975535,0.65,0,platt,0.03622371836848025,0.15,0
7276,2024-03-29,PIURA,1,0.073964484,0.65,0,platt,0.013864273980536678,0.15,0
7277,2024-03-29,PUNO,0,0.25361395,0.65,0,platt,0.047441068494521385,0.15,0
7278,2024-03-29,PUNO,0,0.60432804,0.65,0,platt,0.15620401850137478,0.15,1
7279,2024-03-29,LA LIBERTAD,0,0.7739428,0.65,1,platt,0.27256749709034706,0.15,1
7280,2024-03-30,AYACUCHO,0,0.28124553,0.65,0,platt,0.053334003775537014,0.15,0
7281,2024-03-30,LIMA,0,0.009849609,0.65,0,platt,0.002273465118045828,0.15,0
7282,2024-03-30,LIMA,0,0.06996064,0.65,0,platt,0.013166018814542773,0.15,0
7283,2024-03-30,CAJAMARCA,0,0.5495689,0.65,0,platt,0.13205039410440633,0.15,0
7284,2024-03-31,CUSCO,1,0.56329393,0.65,0,platt,0.1377185257944049,0.15,0
7285,2024-03-31,AREQUIPA,0,0.686189,0.65,1,platt,0.20208875027739093,0.15,1
7286,2024-04-01,LIMA,0,0.04261937,0.65,0,platt,0.008366427509174079,0.15,0
7287,2024-04-01,LA LIBERTAD,0,0.58262235,0.65,0,platt,0.14612112436445285,0.15,0
7288,2024-04-01,LIMA,0,0.021395644,0.65,0,platt,0.004513024727333643,0.15,0
7289,2024-04-01,LIMA,0,0.030329317,0.65,0,platt,0.006160323144133858,0.15,0
7290,2024-04-01,LIMA,0,0.09166827,0.65,0,platt,0.016953872391858454,0.15,0
7291,2024-04-01,PIURA,0,0.061274096,0.65,0,platt,0.011649253956919823,0.15,0
7292,2024-04-02,HUANCAVELICA,1,0.6363887,0.65,0,platt,0.1725336093466307,0.15,1
7293,2024-04-02,LA LIBERTAD,0,0.88822395,0.65,1,platt,0.43878631381582706,0.15,1
7294,2024-04-02,LIMA,0,0.09201638,0.65,0,platt,0.017014742604764533,0.15,0
7295,2024-04-02,LIMA,0,0.077834144,0.65,0,platt,0.014539016337100993,0.15,0
7296,2024-04-02,LIMA,0,0.23195842,0.65,0,platt,0.0429994299807262,0.15,0
7297,2024-04-02,CAJAMARCA,0,0.08052276,0.65,0,platt,0.015007890317562037,0.15,0
7298,2024-04-02,CAJAMARCA,0,0.27819538,0.65,0,platt,0.05267022270496122,0.15,0
7299,2024-04-03,TUMBES,0,0.22374818,0.65,0,platt,0.041352686566640456,0.15,0
7300,2024-04-03,LIMA,1,0.2712352,0.65,0,platt,0.051168185006567626,0.15,0
7301,2024-04-04,CUSCO,0,0.3792475,0.65,0,platt,0.07676306080954326,0.15,0
7302,2024-04-04,PIURA,0,0.044450786,0.65,0,platt,0.00869132686975267,0.15,0
7303,2024-04-04,LIMA,0,0.13818648,0.65,0,platt,0.025192193537131678,0.15,0
7304,2024-04-04,CUSCO,0,0.74068934,0.65,1,platt,0.24234168100602954,0.15,1
7305,2024-04-04,TACNA,0,0.3338194,0.65,0,platt,0.0653560548983275,0.15,0
7306,2024-04-05,LA LIBERTAD,0,0.8763119,0.65,1,platt,0.4142690995149122,0.15,1
7307,2024-04-05,LIMA,0,0.1673845,0.65,0,platt,0.030526836842594204,0.15,0
7308,2024-04-05,LA LIBERTAD,0,0.26357156,0.65,0,platt,0.049534186699470274,0.15,0
7309,2024-04-05,PASCO,0,0.6992685,0.65,1,platt,0.21088379176083497,0.15,1
7310,2024-04-05,CALLAO,0,0.028936513,0.65,0,platt,0.005906565157501557,0.15,0
7311,2024-04-05,LIMA,0,0.16868974,0.65,0,platt,0.030769136343542492,0.15,0
7312,2024-04-05,SAN MARTIN,0,0.054349188,0.65,0,platt,0.010436248866041303,0.15,0
7313,2024-04-06,ICA,0,0.13565084,0.65,0,platt,0.024735949173014703,0.15,0
7314,2024-04-06,AREQUIPA,1,0.6009644,0.65,0,platt,0.1545935476167915,0.15,1
7315,2024-04-06,APURIMAC,0,0.3885948,0.65,0,platt,0.07924578514350611,0.15,0
7316,2024-04-06,PIURA,0,0.2322909,0.65,0,platt,0.043066531767040145,0.15,0
7317,2024-04-07,LA LIBERTAD,0,0.29166785,0.65,0,platt,0.055628390662293165,0.15,0
7318,2024-04-07,HUANCAVELICA,0,0.73842454,0.65,1,platt,0.24046069291599745,0.15,1
7319,2024-04-07,CUSCO,0,0.34366575,0.65,0,platt,0.06774131142098962,0.15,0
7320,2024-04-07,PUNO,0,0.015044961,0.65,0,platt,0.0033032767607097053,0.15,0
7321,2024-04-08,TUMBES,0,0.03988801,0.65,0,platt,0.007880334159880901,0.15,0
7322,2024-04-08,CUSCO,0,0.064793125,0.65,0,platt,0.012264168164340093,0.15,0
7323,2024-04-08,LA LIBERTAD,1,0.7827583,0.65,1,platt,0.28150804125223755,0.15,1
7324,2024-04-08,LIMA,0,0.22798187,0.65,0,platt,0.042199392126158065,0.15,0
7325,2024-04-08,AREQUIPA,0,0.17736314,0.65,0,platt,0.03238839999416083,0.15,0
7326,2024-04-09,AREQUIPA,0,0.09632545,0.65,0,platt,0.017768856018097898,0.15,0
7327,2024-04-09,PIURA,0,0.08901164,0.65,0,platt,0.016489550038179274,0.15,0
7328,2024-04-09,LIMA,0,0.6281709,0.65,0,platt,0.16816992906426606,0.15,1
7329,2024-04-09,LIMA,0,0.047752116,0.65,0,platt,0.009275177009188998,0.15,0
7330,2024-04-10,TACNA,0,0.5459034,0.65,0,platt,0.1305759462360726,0.15,0
7331,2024-04-10,CAJAMARCA,0,0.3470227,0.65,0,platt,0.06856506788927949,0.15,0
7332,2024-04-10,CAJAMARCA,0,0.0904846,0.65,0,platt,0.01674694501168135,0.15,0
7333,2024-04-10,PUNO,1,0.26483384,0.65,0,platt,0.049801918859913016,0.15,0
7334,2024-04-10,ICA,0,0.19973248,0.65,0,platt,0.03664350266906713,0.15,0
7335,2024-04-10,TACNA,0,0.19194122,0.65,0,platt,0.03514791717042121,0.15,0
7336,2024-04-11,AYACUCHO,0,0.7804534,0.65,1,platt,0.27912842117221554,0.15,1
7337,2024-04-11,PASCO,1,0.6642648,0.65,1,platt,0.18836804423122072,0.15,1
7338,2024-04-12,CAJAMARCA,0,0.4899427,0.65,0,platt,0.1098893285401871,0.15,0
7339,2024-04-12,ICA,0,0.4882553,0.65,0,platt,0.10931365542579961,0.15,0
7340,2024-04-12,ICA,0,0.3420289,0.65,0,platt,0.06734161180000978,0.15,0
7341,2024-04-12,PUNO,0,0.602101,0.65,0,platt,0.15513570272140467,0.15,1
7342,2024-04-12,LA LIBERTAD,0,0.45720005,0.65,0,platt,0.09915544837568618,0.15,0
7343,2024-04-13,CUSCO,0,0.37278843,0.65,0,platt,0.0750759934031541,0.15,0
7344,2024-04-13,PIURA,0,0.4482364,0.65,0,platt,0.09636797722811069,0.15,0
7345,2024-04-13,LA LIBERTAD,0,0.5596457,0.65,0,platt,0.13618867125267958,0.15,0
7346,2024-04-14,CUSCO,0,0.0421398,0.65,0,platt,0.00828121844805306,0.15,0
7347,2024-04-14,LIMA,0,0.058970124,0.65,0,platt,0.011246179817829641,0.15,0
7348,2024-04-14,PUNO,0,0.46499002,0.65,0,platt,0.10162867624823207,0.15,0
7349,2024-04-14,AREQUIPA,0,0.21327992,0.65,0,platt,0.039280869794424925,0.15,0
7350,2024-04-14,AREQUIPA,0,0.6732289,0.65,1,platt,0.19383224255206186,0.15,1
7351,2024-04-14,LIMA,0,0.4449993,0.65,0,platt,0.09537622317269345,0.15,0
7352,2024-04-15,LIMA,0,0.05253547,0.65,0,platt,0.010117675341694053,0.15,0
7353,2024-04-15,AYACUCHO,0,0.1134166,0.65,0,platt,0.020774863138886906,0.15,0
7354,2024-04-15,LIMA,0,0.14933999,0.65,0,platt,0.02721167083431058,0.15,0
7355,2024-04-15,AYACUCHO,0,0.49387443,0.65,0,platt,0.11124070388012497,0.15,0
7356,2024-04-15,CUSCO,0,0.120878726,0.65,0,platt,0.022096939072663566,0.15,0
7357,2024-04-15,SAN MARTIN,0,0.010208726,0.65,0,platt,0.0023462819487434865,0.15,0
7358,2024-04-16,HUANCAVELICA,0,0.83312136,0.65,1,platt,0.34250998463195437,0.15,1
7359,2024-04-17,AREQUIPA,0,0.8235544,0.65,1,platt,0.329396704274982,0.15,1
7360,2024-04-18,LA LIBERTAD,0,0.3803618,0.65,0,platt,0.07705644128170591,0.15,0
7361,2024-04-19,HUANCAVELICA,0,0.743772,0.65,1,platt,0.24493536411420622,0.15,1
7362,2024-04-19,AREQUIPA,0,0.34521177,0.65,0,platt,0.06812001024175768,0.15,0
7363,2024-04-19,ICA,0,0.2412305,0.65,0,platt,0.04488327243811903,0.15,0
7364,2024-04-20,CAJAMARCA,0,0.20205462,0.65,0,platt,0.037092184771360094,0.15,0
7365,2024-04-21,LA LIBERTAD,0,0.3530471,0.65,0,platt,0.07005717743074419,0.15,0
7366,2024-04-21,PIURA,0,0.123566456,0.65,0,platt,0.022574832308603278,0.15,0
7367,2024-04-21,CAJAMARCA,0,0.010870938,0.65,0,platt,0.0024798191581648266,0.15,0
7368,2024-04-21,LIMA,0,0.09485948,0.65,0,platt,0.017512166713879136,0.15,0
7369,2024-04-21,LIMA,0,0.2612893,0.65,0,platt,0.04905149835307688,0.15,0
7370,2024-04-21,CAJAMARCA,0,0.43054304,0.65,0,platt,0.09104003530178831,0.15,0
7371,2024-04-21,LIMA,0,0.12661874,0.65,0,platt,0.023118717403393784,0.15,0
7372,2024-04-21,PIURA,0,0.04401155,0.65,0,platt,0.00861347471608854,0.15,0
7373,2024-04-21,CAJAMARCA,0,0.0896172,0.65,0,platt,0.016595356556762374,0.15,0
7374,2024-04-22,ICA,0,0.046925243,0.65,0,platt,0.00912914450739629,0.15,0
7375,2024-04-22,SAN MARTIN,0,0.020785833,0.65,0,platt,0.004398567790542035,0.15,0
7376,2024-04-22,LIMA,0,0.26964393,0.65,0,platt,0.050827214018627845,0.15,0
7377,2024-04-23,LIMA,0,0.1792045,0.65,0,platt,0.032734273196283574,0.15,0
7378,2024-04-23,LA LIBERTAD,0,0.2054803,0.65,0,platt,0.037756614520786554,0.15,0
7379,2024-04-24,LIMA,0,0.04569453,0.65,0,platt,0.008911545817225005,0.15,0
7380,2024-04-24,PUNO,0,0.4404737,0.65,0,platt,0.09400264029579719,0.15,0
7381,2024-04-24,LIMA,0,0.1715829,0.65,0,platt,0.0313074821373419,0.15,0
7382,2024-04-25,LA LIBERTAD,0,0.103648804,0.65,0,platt,0.019053612511942795,0.15,0
7383,2024-04-25,AREQUIPA,0,0.3366169,0.65,0,platt,0.0660291233339724,0.15,0
7384,2024-04-25,LA LIBERTAD,0,0.87240374,0.65,1,platt,0.40674841479223184,0.15,1
7385,2024-04-26,TUMBES,0,0.22569257,0.65,0,platt,0.04174090833948254,0.15,0
7386,2024-04-26,LIMA,0,0.02111454,0.65,0,platt,0.004460302144993159,0.15,0
7387,2024-04-26,LIMA,0,0.057184927,0.65,0,platt,0.010933544121662201,0.15,0
7388,2024-04-26,AYACUCHO,1,0.8305106,0.65,1,platt,0.3388482424220412,0.15,1
7389,2024-04-27,CAJAMARCA,0,0.4886705,0.65,0,platt,0.1094550684689075,0.15,0
7390,2024-04-27,ICA,0,0.3205679,0.65,0,platt,0.06221610982271776,0.15,0
7391,2024-04-27,CAJAMARCA,0,0.2810534,0.65,0,platt,0.05329208960324144,0.15,0
7392,2024-04-28,LIMA,0,0.024078745,0.65,0,platt,0.005013161882416157,0.15,0
7393,2024-04-28,LIMA,0,0.7287647,0.65,1,platt,0.23266269105917287,0.15,1
7394,2024-04-28,ICA,0,0.3768262,0.65,0,platt,0.07612794875557419,0.15,0
7395,2024-04-28,LIMA,0,0.046178233,0.65,0,platt,0.00899710383311412,0.15,0
7396,2024-04-28,LA LIBERTAD,0,0.41870847,0.65,0,platt,0.08759836537257833,0.15,0
7397,2024-04-28,AREQUIPA,0,0.1461922,0.65,0,platt,0.026639570792875537,0.15,0
7398,2024-04-28,CAJAMARCA,0,0.0926838,0.65,0,platt,0.017131468814207084,0.15,0
7399,2024-04-28,CAJAMARCA,1,0.90965277,0.65,1,platt,0.4901662147955182,0.15,1
7400,2024-04-29,LIMA,0,0.00629552,0.65,0,platt,0.0015340626187994666,0.15,0
7401,2024-04-29,CAJAMARCA,0,0.4996221,0.65,0,platt,0.11324195688156634,0.15,0
7402,2024-04-29,AREQUIPA,0,0.7180351,0.65,1,platt,0.22440396249707428,0.15,1
7403,2024-04-30,LIMA,0,0.060904883,0.65,0,platt,0.011584689376171933,0.15,0
7404,2024-05-01,CUSCO,0,0.41361216,0.65,0,platt,0.08614492863938748,0.15,0
7405,2024-05-01,LIMA,0,0.120747894,0.65,0,platt,0.02207370033765815,0.15,0
7406,2024-05-01,ICA,0,0.15154745,0.65,0,platt,0.027613921054649285,0.15,0
7407,2024-05-01,LIMA,0,0.09286411,0.65,0,platt,0.017163008226071377,0.15,0
7408,2024-05-01,LA LIBERTAD,0,0.40716255,0.65,0,platt,0.08432944885168656,0.15,0
7409,2024-05-01,PASCO,0,0.2716108,0.65,0,platt,0.051248797763051204,0.15,0
7410,2024-05-01,CALLAO,0,0.5949367,0.65,0,platt,0.15175256444605534,0.15,1
7411,2024-05-01,PIURA,1,0.06268721,0.65,0,platt,0.011896275967457143,0.15,0
7412,2024-05-01,LA LIBERTAD,0,0.6352709,0.65,0,platt,0.17193237722477228,0.15,1
7413,2024-05-02,AREQUIPA,0,0.04783753,0.65,0,platt,0.009290254490473741,0.15,0
7414,2024-05-02,CUSCO,0,0.014735537,0.65,0,platt,0.003243157813357277,0.15,0
7415,2024-05-02,PUNO,0,0.3137341,0.65,0,platt,0.06062704552161522,0.15,0
7416,2024-05-02,LIMA,0,0.042011876,0.65,0,platt,0.008258479827491701,0.15,0
7417,2024-05-02,LIMA,0,0.10662983,0.65,0,platt,0.019577907486540386,0.15,0
7418,2024-05-02,LIMA,0,0.84302074,0.65,1,platt,0.35700442241863917,0.15,1
7419,2024-05-02,CAJAMARCA,0,0.026357478,0.65,0,platt,0.005433995528781498,0.15,0
7420,2024-05-02,PUNO,0,0.29761463,0.65,0,platt,0.056956232867859044,0.15,0
7421,2024-05-02,LIMA,0,0.11525936,0.65,0,platt,0.02110073004323173,0.15,0
7422,2024-05-03,AREQUIPA,0,0.0049689873,0.65,0,platt,0.0012465006948209104,0.15,0
7423,2024-05-04,LIMA,0,0.74176615,0.65,1,platt,0.24324327719009298,0.15,1
7424,2024-05-04,CUSCO,0,0.09329426,0.65,0,platt,0.0172382567890306,0.15,0
7425,2024-05-04,LIMA,0,0.028823053,0.65,0,platt,0.005885851017270515,0.15,0
7426,2024-05-04,CUSCO,0,0.59117043,0.65,0,platt,0.15000605859172628,0.15,1
7427,2024-05-04,LA LIBERTAD,0,0.39305615,0.65,0,platt,0.08044845357025283,0.15,0
7428,2024-05-04,CUSCO,0,0.53480405,0.65,0,platt,0.12620752525406864,0.15,0
7429,2024-05-04,PIURA,0,0.053369183,0.65,0,platt,0.01026416754257503,0.15,0
7430,2024-05-05,CUSCO,0,0.14444156,0.65,0,platt,0.026322147304585958,0.15,0
7431,2024-05-05,LIMA,0,0.25376126,0.65,0,platt,0.0474717933480842,0.15,0
7432,2024-05-05,CUSCO,0,0.20889693,0.65,0,platt,0.0384223288399176,0.15,0
7433,2024-05-05,LA LIBERTAD,0,0.17141564,0.65,0,platt,0.031276310100745074,0.15,0
7434,2024-05-06,TUMBES,0,0.28454694,0.65,0,platt,0.05405634682349381,0.15,0
7435,2024-05-06,PUNO,0,0.5808211,0.65,0,platt,0.14531611924402907,0.15,0
7436,2024-05-06,LIMA,0,0.08944848,0.65,0,platt,0.016565875414246263,0.15,0
7437,2024-05-07,LIMA,0,0.20610754,0.65,0,platt,0.03787859902998635,0.15,0
7438,2024-05-07,PUNO,0,0.4555369,0.65,0,platt,0.09863359656362483,0.15,0
7439,2024-05-07,CAJAMARCA,0,0.13116743,0.65,0,platt,0.023931669944220895,0.15,0
7440,2024-05-08,ICA,0,0.36367425,0.65,0,platt,0.0727337106004174,0.15,0
7441,2024-05-09,LA LIBERTAD,0,0.10376109,0.65,0,platt,0.019073346455151238,0.15,0
7442,2024-05-09,AREQUIPA,0,0.65061796,0.65,1,platt,0.18040768357047177,0.15,1
7443,2024-05-09,PIURA,0,0.08862448,0.65,0,platt,0.016421912696878302,0.15,0
7444,2024-05-10,LIMA,0,0.7096372,0.65,1,platt,0.2182150916037475,0.15,1
7445,2024-05-10,CAJAMARCA,0,0.8039311,0.65,1,platt,0.30489390008782635,0.15,1
7446,2024-05-10,CUSCO,0,0.30968133,0.65,0,platt,0.05969403969034211,0.15,0
7447,2024-05-10,LA LIBERTAD,0,0.08936642,0.65,0,platt,0.01655153699376444,0.15,0
7448,2024-05-10,CUSCO,0,0.2658568,0.65,0,platt,0.05001929513574623,0.15,0
7449,2024-05-11,CAJAMARCA,0,0.81834227,0.65,1,platt,0.32259062937471783,0.15,1
7450,2024-05-11,LA LIBERTAD,0,0.06488747,0.65,0,platt,0.012280644170286934,0.15,0
7451,2024-05-11,ICA,0,0.28735733,0.65,0,platt,0.05467447577420647,0.15,0
7452,2024-05-11,CAJAMARCA,0,0.3262879,0.65,0,platt,0.06356181899871635,0.15,0
7453,2024-05-11,AREQUIPA,0,0.6458424,0.65,0,platt,0.1777183684020395,0.15,1
7454,2024-05-11,LIMA,0,0.10584023,0.65,0,platt,0.01943895250565862,0.15,0
7455,2024-05-11,PIURA,0,0.3010235,0.65,0,platt,0.057723693186042646,0.15,0
7456,2024-05-11,CUSCO,0,0.75840706,0.65,1,platt,0.2578046323150357,0.15,1
7457,2024-05-12,CAJAMARCA,0,0.8489877,0.65,1,platt,0.3662412447669851,0.15,1
7458,2024-05-12,LIMA,0,0.034277793,0.65,0,platt,0.006874935083053476,0.15,0
7459,2024-05-12,UCAYALI,0,0.097611934,0.65,0,platt,0.017994242759541233,0.15,0
7460,2024-05-12,CUSCO,0,0.20264377,0.65,0,platt,0.03720623788263131,0.15,0
7461,2024-05-13,PIURA,0,0.5386823,0.65,0,platt,0.12771774957949322,0.15,0
7462,2024-05-13,LA LIBERTAD,0,0.19507022,0.65,0,platt,0.03574675277917032,0.15,0
7463,2024-05-13,CUSCO,0,0.6750154,0.65,1,platt,0.19494471051791948,0.15,1
7464,2024-05-13,LIMA,0,0.017726688,0.65,0,platt,0.0038192954194268495,0.15,0
7465,2024-05-13,LA LIBERTAD,0,0.6868579,0.65,1,platt,0.20252690451481054,0.15,1
7466,2024-05-13,LIMA,0,0.04269194,0.65,0,platt,0.008379316420725105,0.15,0
7467,2024-05-13,LIMA,0,0.15918593,0.65,0,platt,0.029012787384437893,0.15,0
7468,2024-05-14,LA LIBERTAD,0,0.6224553,0.65,0,platt,0.1652098842046681,0.15,1
7469,2024-05-14,AREQUIPA,0,0.025525883,0.65,0,platt,0.005280800212829993,0.15,0
7470,2024-05-14,AYACUCHO,1,0.9307563,0.65,1,platt,0.5530702356262698,0.15,1
7471,2024-05-14,LIMA,0,0.32307145,0.65,0,platt,0.06280332804319473,0.15,0
7472,2024-05-14,LA LIBERTAD,0,0.44616413,0.65,0,platt,0.09573219573614199,0.15,0
7473,2024-05-15,LA LIBERTAD,0,0.70598495,0.65,1,platt,0.21559476521811585,0.15,1
7474,2024-05-15,ICA,0,0.081754945,0.65,0,platt,0.015222816940259693,0.15,0
7475,2024-05-16,LA LIBERTAD,0,0.06758675,0.65,0,platt,0.012751847441670124,0.15,0
7476,2024-05-16,LIMA,0,0.050910473,0.65,0,platt,0.009831865761038146,0.15,0
7477,2024-05-16,CALLAO,0,0.030133426,0.65,0,platt,0.006124690596135266,0.15,0
7478,2024-05-16,LIMA,0,0.097792774,0.65,0,platt,0.018025934989649016,0.15,0
7479,2024-05-17,UCAYALI,0,0.76047325,0.65,1,platt,0.25969955567226766,0.15,1
7480,2024-05-17,SAN MARTIN,0,0.7007333,0.65,1,platt,0.21189955711429828,0.15,1
7481,2024-05-18,LIMA,0,0.047872763,0.65,0,platt,0.009296473695505353,0.15,0
7482,2024-05-18,LA LIBERTAD,0,0.85829955,0.65,1,platt,0.38148524905304454,0.15,1
7483,2024-05-18,CUSCO,0,0.12767676,0.65,0,platt,0.02330754425769934,0.15,0
7484,2024-05-18,AREQUIPA,0,0.7900267,0.65,1,platt,0.28921654055342255,0.15,1
7485,2024-05-18,LIMA,1,0.11895522,0.65,0,platt,0.021755499384863784,0.15,0
7486,2024-05-18,CUSCO,0,0.51128626,0.65,0,platt,0.11740035965492768,0.15,0
7487,2024-05-19,LIMA,0,0.6009581,0.65,0,platt,0.15459053969186265,0.15,1
7488,2024-05-19,CAJAMARCA,0,0.29371527,0.65,0,platt,0.056083992464852586,0.15,0
7489,2024-05-19,LIMA,0,0.03261832,0.65,0,platt,0.006575398347752131,0.15,0
7490,2024-05-19,CUSCO,0,0.08446411,0.65,0,platt,0.015695508648582,0.15,0
7491,2024-05-19,PUNO,0,0.22219989,0.65,0,platt,0.04104432428142791,0.15,0
7492,2024-05-19,LIMA,0,0.08999373,0.65,0,platt,0.0166611550756867,0.15,0
7493,2024-05-19,LIMA,0,0.495275,0.65,0,platt,0.11172551929597967,0.15,0
7494,2024-05-19,PUNO,0,0.32925817,0.65,0,platt,0.0642663620034254,0.15,0
7495,2024-05-19,SAN MARTIN,0,0.0122864945,0.65,0,platt,0.0027623532158057565,0.15,0
7496,2024-05-20,LIMA,0,0.20120876,0.65,0,platt,0.03692858871537471,0.15,0
7497,2024-05-20,PASCO,1,0.7749006,0.65,1,platt,0.2735181522676258,0.15,1
7498,2024-05-20,LA LIBERTAD,0,0.085977525,0.65,0,platt,0.015959671288629768,0.15,0
7499,2024-05-20,CAJAMARCA,0,0.10420826,0.65,0,platt,0.01915194525094338,0.15,0
7500,2024-05-21,LA LIBERTAD,0,0.07190847,0.65,0,platt,0.013505744773457732,0.15,0
7501,2024-05-21,LIMA,0,0.32474142,0.65,0,platt,0.06319656233400786,0.15,0
7502,2024-05-22,ICA,0,0.163762,0.65,0,platt,0.029856199835695315,0.15,0
7503,2024-05-22,CUSCO,0,0.012995797,0.65,0,platt,0.0029025751260995944,0.15,0
7504,2024-05-22,LIMA,0,0.14153762,0.65,0,platt,0.025796756819314655,0.15,0
7505,2024-05-22,PUNO,0,0.3819374,0.65,0,platt,0.07747246264286348,0.15,0
7506,2024-05-22,AYACUCHO,0,0.7602223,0.65,1,platt,0.2594683432178689,0.15,1
7507,2024-05-23,ICA,0,0.18498787,0.65,0,platt,0.03382557098396448,0.15,0
7508,2024-05-24,LIMA,0,0.14614154,0.65,0,platt,0.026630379714810894,0.15,0
7509,2024-05-24,LA LIBERTAD,0,0.85604775,0.65,1,platt,0.37770132404020895,0.15,1
7510,2024-05-24,AREQUIPA,1,0.94725066,0.65,1,platt,0.6144617024120014,0.15,1
7511,2024-05-24,LIMA,0,0.052724306,0.65,0,platt,0.010150863883878434,0.15,0
7512,2024-05-25,TUMBES,0,0.27484158,0.65,0,platt,0.05194428036337821,0.15,0
7513,2024-05-25,AREQUIPA,0,0.4419996,0.65,0,platt,0.09446410530080564,0.15,0
7514,2024-05-26,CUSCO,1,0.7034225,0.65,1,platt,0.213781204198824,0.15,1
7515,2024-05-26,LIMA,0,0.30112106,0.65,0,platt,0.05774572206138497,0.15,0
7516,2024-05-26,LIMA,0,0.016274355,0.65,0,platt,0.003540906785080338,0.15,0
7517,2024-05-26,CUSCO,0,0.46098402,0.65,0,platt,0.10035081016342583,0.15,0
7518,2024-05-26,CUSCO,0,0.38377488,0.65,0,platt,0.07795938477823806,0.15,0
7519,2024-05-26,CUSCO,0,0.7303141,0.65,1,platt,0.23388956218654788,0.15,1
7520,2024-05-26,AMAZONAS,0,0.28615403,0.65,0,platt,0.05440945199525638,0.15,0
7521,2024-05-26,CUSCO,0,0.29181692,0.65,0,platt,0.0556615078276566,0.15,0
7522,2024-05-27,UCAYALI,0,0.02072483,0.65,0,platt,0.004387100632800441,0.15,0
7523,2024-05-27,SAN MARTIN,0,0.01608894,0.65,0,platt,0.00350518909059522,0.15,0
7524,2024-05-27,ICA,0,0.35574782,0.65,0,platt,0.07073193605120227,0.15,0
7525,2024-05-27,AREQUIPA,0,0.08825705,0.65,0,platt,0.01635772997708601,0.15,0
7526,2024-05-28,ICA,0,0.029205121,0.65,0,platt,0.005955578464043663,0.15,0
7527,2024-05-28,LIMA,0,0.08438724,0.65,0,platt,0.015682093772362387,0.15,0
7528,2024-05-29,LIMA,0,0.018293211,0.65,0,platt,0.003927261647404045,0.15,0
7529,2024-05-29,PUNO,0,0.19376199,0.65,0,platt,0.035496090239757326,0.15,0
7530,2024-05-29,CAJAMARCA,0,0.3759292,0.65,0,platt,0.07589348651103024,0.15,0
7531,2024-05-29,CUSCO,0,0.8251424,0.65,1,platt,0.33151637086877395,0.15,1
7532,2024-05-29,PUNO,0,0.55148315,0.65,0,platt,0.1328268603657295,0.15,0
7533,2024-05-30,PUNO,0,0.093806475,0.65,0,platt,0.017327875636407867,0.15,0
7534,2024-05-30,LA LIBERTAD,0,0.12512036,0.65,0,platt,0.022851561988854397,0.15,0
7535,2024-05-30,PUNO,0,0.52426165,0.65,0,platt,0.12218677492328663,0.15,0
7536,2024-05-30,CAJAMARCA,0,0.025197458,0.65,0,platt,0.005220179775398644,0.15,0
7537,2024-05-31,CAJAMARCA,0,0.758612,0.65,1,platt,0.25799166855267486,0.15,1
7538,2024-05-31,LIMA,0,0.3460499,0.65,0,platt,0.06832579234609863,0.15,0
7539,2024-06-01,LA LIBERTAD,0,0.49483815,0.65,0,platt,0.11157410791208967,0.15,0
7540,2024-06-01,LA LIBERTAD,0,0.5395169,0.65,0,platt,0.12804501261968973,0.15,0
7541,2024-06-02,LIMA,0,0.02855745,0.65,0,platt,0.005837333962225221,0.15,0
7542,2024-06-02,LA LIBERTAD,0,0.8697065,0.65,1,platt,0.40169632333376043,0.15,1
7543,2024-06-02,LA LIBERTAD,0,0.2951422,0.65,0,platt,0.05640248716704139,0.15,0
7544,2024-06-02,LIMA,1,0.21777399,0.65,0,platt,0.0401665784322575,0.15,0
7545,2024-06-02,LA LIBERTAD,0,0.061102614,0.65,0,platt,0.011619267971774599,0.15,0
7546,2024-06-03,CAJAMARCA,0,0.29086488,0.65,0,platt,0.055450154544291586,0.15,0
7547,2024-06-03,CAJAMARCA,0,0.64249855,0.65,0,platt,0.17586373231794364,0.15,1
7548,2024-06-03,LA LIBERTAD,0,0.027489694,0.65,0,platt,0.005641911436953052,0.15,0
7549,2024-06-04,LA LIBERTAD,0,0.71326005,0.65,1,platt,0.2208564589657574,0.15,1
7550,2024-06-04,AREQUIPA,0,0.83470315,0.65,1,platt,0.34476019898254706,0.15,1
7551,2024-06-04,LIMA,0,0.101951964,0.65,0,platt,0.018755538331569392,0.15,0
7552,2024-06-04,AREQUIPA,0,0.1877117,0.65,0,platt,0.03434221218570205,0.15,0
7553,2024-06-04,CUSCO,0,0.09194897,0.65,0,platt,0.01700295547224454,0.15,0
7554,2024-06-05,CAJAMARCA,0,0.8623428,0.65,1,platt,0.38844451733982055,0.15,1
7555,2024-06-05,LIMA,0,0.08880482,0.65,0,platt,0.01645341748710221,0.15,0
7556,2024-06-05,CAJAMARCA,0,0.022025587,0.65,0,platt,0.0046309402650297656,0.15,0
7557,2024-06-05,LIMA,1,0.33323896,0.65,0,platt,0.06521685928259205,0.15,0
7558,2024-06-05,LA LIBERTAD,1,0.6998857,0.65,1,platt,0.2113110170679746,0.15,1
7559,2024-06-06,HUANCAVELICA,0,0.80877614,0.65,1,platt,0.3106688013364559,0.15,1
7560,2024-06-06,AREQUIPA,0,0.07908729,0.65,0,platt,0.014757541799259699,0.15,0
7561,2024-06-06,LA LIBERTAD,0,0.8776373,0.65,1,platt,0.4168755145674244,0.15,1
7562,2024-06-06,PASCO,0,0.6673634,0.65,1,platt,0.1902349713673933,0.15,1
7563,2024-06-06,LA LIBERTAD,0,0.87127614,0.65,1,platt,0.40462290802724854,0.15,1
7564,2024-06-06,LA LIBERTAD,0,0.49383366,0.65,0,platt,0.11122661830001158,0.15,0
7565,2024-06-06,LA LIBERTAD,0,0.7961981,0.65,1,platt,0.296017487257855,0.15,1
7566,2024-06-06,CUSCO,0,0.31774768,0.65,0,platt,0.06155788606482706,0.15,0
7567,2024-06-06,ICA,0,0.22611856,0.65,0,platt,0.041826108536591924,0.15,0
7568,2024-06-06,CUSCO,0,0.20430113,0.65,0,platt,0.03752756586293045,0.15,0
7569,2024-06-07,PUNO,0,0.572073,0.65,0,platt,0.14147163386319506,0.15,0
7570,2024-06-07,LIMA,0,0.027534638,0.65,0,platt,0.005650149665481765,0.15,0
7571,2024-06-07,APURIMAC,0,0.6468095,0.65,0,platt,0.17825911787006166,0.15,1
7572,2024-06-07,AYACUCHO,0,0.49347594,0.65,0,platt,0.11110309535112627,0.15,0
7573,2024-06-07,AREQUIPA,0,0.037304197,0.65,0,platt,0.0074185688254672765,0.15,0
7574,2024-06-07,PUNO,0,0.26919237,0.65,0,platt,0.05073061689795459,0.15,0
7575,2024-06-07,PASCO,0,0.64745504,0.65,0,platt,0.17862113103014696,0.15,1
7576,2024-06-08,LIMA,0,0.02516986,0.65,0,platt,0.00521508282946726,0.15,0
7577,2024-06-08,PUNO,0,0.13646348,0.65,0,platt,0.024882058186287012,0.15,0
7578,2024-06-08,CAJAMARCA,0,0.41469374,0.65,0,platt,0.08645198086410277,0.15,0
7579,2024-06-08,LIMA,0,0.09503326,0.65,0,platt,0.01754258725594637,0.15,0
7580,2024-06-08,UCAYALI,0,0.50211525,0.65,0,platt,0.11411971321783812,0.15,0
7581,2024-06-09,ICA,0,0.26146567,0.65,0,platt,0.04908873658295195,0.15,0
7582,2024-06-09,PUNO,0,0.46106568,0.65,0,platt,0.10037673049700191,0.15,0
7583,2024-06-09,CUSCO,0,0.2725146,0.65,0,platt,0.05144298427862551,0.15,0
7584,2024-06-09,HUANCAVELICA,1,0.65336245,0.65,1,platt,0.1819752960912551,0.15,1
7585,2024-06-10,AREQUIPA,1,0.8555007,0.65,1,platt,0.37679171063555816,0.15,1
7586,2024-06-11,CUSCO,0,0.30501786,0.65,0,platt,0.058628914551460375,0.15,0
7587,2024-06-11,LIMA,0,0.095006354,0.65,0,platt,0.01753787744367839,0.15,0
7588,2024-06-12,LIMA,0,0.0396511,0.65,0,platt,0.007838077210488757,0.15,0
7589,2024-06-12,LIMA,0,0.034158096,0.65,0,platt,0.006853365789083377,0.15,0
7590,2024-06-12,PUNO,0,0.089062445,0.65,0,platt,0.016498426321440666,0.15,0
7591,2024-06-12,LA LIBERTAD,0,0.1355729,0.65,0,platt,0.024721939811637724,0.15,0
7592,2024-06-13,AREQUIPA,0,0.18131745,0.65,0,platt,0.033132097414574284,0.15,0
7593,2024-06-14,CAJAMARCA,1,0.69848204,0.65,1,platt,0.2103410331196054,0.15,1
7594,2024-06-14,LIMA,0,0.66175103,0.65,1,platt,0.186870044142233,0.15,1
7595,2024-06-14,AREQUIPA,1,0.7305751,0.65,1,platt,0.23409712275325192,0.15,1
7596,2024-06-14,ICA,0,0.45103356,0.65,0,platt,0.0972312564555791,0.15,0
7597,2024-06-14,LA LIBERTAD,0,0.04917605,0.65,0,platt,0.009526365041536604,0.15,0
7598,2024-06-14,LIMA,0,0.2595699,0.65,0,platt,0.04868902490666627,0.15,0
7599,2024-06-14,HUANCAVELICA,0,0.42010128,0.65,0,platt,0.08799854215513495,0.15,0
7600,2024-06-14,CUSCO,0,0.5095434,0.65,0,platt,0.11677054010104489,0.15,0
7601,2024-06-14,LIMA,0,0.36844504,0.65,0,platt,0.0739542650394805,0.15,0
7602,2024-06-14,CAJAMARCA,0,0.7035348,0.65,1,platt,0.21386025651236604,0.15,1
7603,2024-06-14,LA LIBERTAD,0,0.3757149,0.65,0,platt,0.0758375342863629,0.15,0
7604,2024-06-14,LIMA,0,0.68846077,0.65,1,platt,0.20358185332527404,0.15,1
7605,2024-06-14,LIMA,0,0.06883967,0.65,0,platt,0.01297046574934718,0.15,0
7606,2024-06-15,ICA,0,0.52319646,0.65,0,platt,0.12178722448420627,0.15,0
7607,2024-06-15,CUSCO,0,0.249206,0.65,0,platt,0.0465249838641413,0.15,0
7608,2024-06-15,LA LIBERTAD,0,0.13845551,0.65,0,platt,0.025240659936132136,0.15,0
7609,2024-06-15,LIMA,0,0.5047945,0.65,0,platt,0.1150696287793495,0.15,0
7610,2024-06-16,CUSCO,0,0.31048644,0.65,0,platt,0.059878837892131435,0.15,0
7611,2024-06-16,LIMA,0,0.0893731,0.65,0,platt,0.016552703426072894,0.15,0
7612,2024-06-16,CUSCO,0,0.028121306,0.65,0,platt,0.00575758443438344,0.15,0
7613,2024-06-16,AREQUIPA,0,0.2277997,0.65,0,platt,0.04216285334192453,0.15,0
7614,2024-06-16,LIMA,0,0.13776854,0.65,0,platt,0.025116920989735433,0.15,0
7615,2024-06-16,ICA,0,0.5660827,0.65,0,platt,0.1388996504087357,0.15,0
7616,2024-06-17,AREQUIPA,0,0.07496399,0.65,0,platt,0.014038554642094877,0.15,0
7617,2024-06-17,CAJAMARCA,0,0.5756038,0.65,0,platt,0.14301045049199676,0.15,0
7618,2024-06-17,LIMA,0,0.60834867,0.65,0,platt,0.15815329066553366,0.15,1
7619,2024-06-18,PUNO,0,0.59525555,0.65,0,platt,0.15190141009815594,0.15,1
7620,2024-06-18,AREQUIPA,0,0.61402273,0.65,0,platt,0.16095019079192024,0.15,1
7621,2024-06-18,HUANCAVELICA,1,0.74401236,0.65,1,platt,0.24513926648738107,0.15,1
7622,2024-06-18,ICA,0,0.71018505,0.65,1,platt,0.2186117835243891,0.15,1
7623,2024-06-19,LIMA,0,0.067359775,0.65,0,platt,0.012712237310254611,0.15,0
7624,2024-06-19,CUSCO,0,0.22196959,0.65,0,platt,0.04099851570574194,0.15,0
7625,2024-06-19,LIMA,0,0.0053500873,0.65,0,platt,0.0013299535566534098,0.15,0
7626,2024-06-19,CUSCO,1,0.11886984,0.65,0,platt,0.021740355129253736,0.15,0
7627,2024-06-20,LIMA,0,0.060941678,0.65,0,platt,0.011591124145088488,0.15,0
7628,2024-06-20,LIMA,0,0.034965303,0.65,0,platt,0.00699871892528393,0.15,0
7629,2024-06-20,PUNO,0,0.2390443,0.65,0,platt,0.04443673129432404,0.15,0
7630,2024-06-20,AREQUIPA,0,0.021872051,0.65,0,platt,0.004602229941213646,0.15,0
7631,2024-06-21,LIMA,0,0.06567902,0.65,0,platt,0.012418856680727595,0.15,0
7632,2024-06-21,HUANCAVELICA,0,0.12674725,0.65,0,platt,0.023141644202360194,0.15,0
7633,2024-06-21,LIMA,0,0.39185816,0.65,0,platt,0.08012436118470913,0.15,0
7634,2024-06-21,LIMA,0,0.21800698,0.65,0,platt,0.0402126495017329,0.15,0
7635,2024-06-21,CAJAMARCA,0,0.038294118,0.65,0,platt,0.00759572163259283,0.15,0
7636,2024-06-21,CUSCO,1,0.34416437,0.65,0,platt,0.06786332336253914,0.15,0
7637,2024-06-21,LIMA,0,0.03882029,0.65,0,platt,0.007689760067855508,0.15,0
7638,2024-06-22,LIMA,0,0.104218975,0.65,0,platt,0.019153828660314405,0.15,0
7639,2024-06-22,PUNO,0,0.08674607,0.65,0,platt,0.016093852013332847,0.15,0
7640,2024-06-22,HUANCAVELICA,0,0.79730004,0.65,1,platt,0.297257674518234,0.15,1
7641,2024-06-22,SAN MARTIN,0,0.11971529,0.65,0,platt,0.021890362868651994,0.15,0
7642,2024-06-22,LIMA,0,0.09612793,0.65,0,platt,0.017734261434486986,0.15,0
7643,2024-06-23,LIMA,0,0.05148021,0.65,0,platt,0.009932116908767394,0.15,0
7644,2024-06-23,LIMA,0,0.01875215,0.65,0,platt,0.004014482899677242,0.15,0
7645,2024-06-23,CUSCO,0,0.83744544,0.65,1,platt,0.34871938117850054,0.15,1
7646,2024-06-23,LIMA,0,0.110710405,0.65,0,platt,0.02029699930489575,0.15,0
7647,2024-06-24,AREQUIPA,0,0.03220128,0.65,0,platt,0.006499945238476192,0.15,0
7648,2024-06-24,PASCO,0,0.74551624,0.65,1,platt,0.2464203810417924,0.15,1
7649,2024-06-24,AREQUIPA,0,0.19189048,0.65,0,platt,0.03513822632807514,0.15,0
7650,2024-06-25,AREQUIPA,0,0.070672505,0.65,0,platt,0.013290186626109368,0.15,0
7651,2024-06-25,SAN MARTIN,0,0.04866328,0.65,0,platt,0.009435951467810918,0.15,0
7652,2024-06-25,LIMA,0,0.06767117,0.65,0,platt,0.012766579823220298,0.15,0
7653,2024-06-26,LIMA,0,0.07871548,0.65,0,platt,0.014692703518703026,0.15,0
7654,2024-06-26,PUNO,0,0.27500802,0.65,0,platt,0.05198021216135424,0.15,0
7655,2024-06-26,SAN MARTIN,0,0.5506194,0.65,0,platt,0.13247595966252568,0.15,0
7656,2024-06-27,TUMBES,0,0.3381079,0.65,0,platt,0.06638934065951788,0.15,0
7657,2024-06-27,ICA,0,0.28432766,0.65,0,platt,0.054008241355166964,0.15,0
7658,2024-06-27,LIMA,0,0.11404248,0.65,0,platt,0.020885498974873486,0.15,0
7659,2024-06-28,LA LIBERTAD,0,0.73245317,0.65,1,platt,0.235598168680649,0.15,1
7660,2024-06-28,CAJAMARCA,0,0.117383994,0.65,0,platt,0.02147693548997353,0.15,0
7661,2024-06-28,LIMA,0,0.73969907,0.65,1,platt,0.2415166942056467,0.15,1
7662,2024-06-29,AYACUCHO,1,0.06682699,0.65,0,platt,0.012619251394914075,0.15,0
7663,2024-06-29,CUSCO,0,0.72852266,0.65,1,platt,0.23247182182005893,0.15,1
7664,2024-06-29,PUNO,0,0.07025215,0.65,0,platt,0.01321686741800095,0.15,0
7665,2024-06-29,PUNO,0,0.064457215,0.65,0,platt,0.01220550360019227,0.15,0
7666,2024-06-29,AYACUCHO,0,0.77392447,0.65,1,platt,0.2725493236156451,0.15,1
7667,2024-06-30,LIMA,0,0.001579364,0.65,0,platt,0.00045698666595645984,0.15,0
7668,2024-06-30,TUMBES,0,0.7198593,0.65,1,platt,0.22577954493187283,0.15,1
7669,2024-06-30,ICA,0,0.38671342,0.65,0,platt,0.07874207300846774,0.15,0
7670,2024-06-30,LA LIBERTAD,0,0.4149753,0.65,0,platt,0.08653203206222676,0.15,0
7671,2024-06-30,CAJAMARCA,1,0.5116072,0.65,0,platt,0.11751668174774833,0.15,0
7672,2024-06-30,LIMA,0,0.1015372,0.65,0,platt,0.0186827166954679,0.15,0
7673,2024-06-30,AREQUIPA,0,0.69020265,0.65,1,platt,0.20473631244339777,0.15,1
7674,2024-07-01,LIMA,1,0.8375508,0.65,1,platt,0.348873018921912,0.15,1
7675,2024-07-01,HUANCAVELICA,0,0.78273547,0.65,1,platt,0.2814843230269084,0.15,1
7676,2024-07-02,CUSCO,0,0.15372859,0.65,0,platt,0.02801224779007173,0.15,0
7677,2024-07-02,ICA,0,0.17061104,0.65,0,platt,0.031126445037585448,0.15,0
7678,2024-07-03,LIMA,0,0.018223489,0.65,0,platt,0.003913992192803366,0.15,0
7679,2024-07-03,SAN MARTIN,0,0.016437983,0.65,0,platt,0.003572393050378395,0.15,0
7680,2024-07-03,APURIMAC,0,0.09532832,0.65,0,platt,0.01759424448395747,0.15,0
7681,2024-07-03,LA LIBERTAD,0,0.73099434,0.65,1,platt,0.23443106174772035,0.15,1
7682,2024-07-04,CAJAMARCA,0,0.5344981,0.65,0,platt,0.1260891092309226,0.15,0
7683,2024-07-04,LIMA,0,0.28906935,0.65,0,platt,0.0550524936546054,0.15,0
7684,2024-07-04,LIMA,0,0.012943016,0.65,0,platt,0.002892169720709832,0.15,0
7685,2024-07-04,CALLAO,0,0.062131535,0.65,0,platt,0.011799156553217637,0.15,0
7686,2024-07-04,LIMA,0,0.25339195,0.65,0,platt,0.04739478022004177,0.15,0
7687,2024-07-04,PUNO,0,0.4016949,0.65,0,platt,0.0828107949610388,0.15,0
7688,2024-07-05,PUNO,0,0.09917226,0.65,0,platt,0.018267770421158964,0.15,0
7689,2024-07-05,AREQUIPA,0,0.16457433,0.65,0,platt,0.030006353871656698,0.15,0
7690,2024-07-05,PUNO,0,0.29909983,0.65,0,platt,0.05729003380397967,0.15,0
7691,2024-07-05,LIMA,0,0.084907494,0.65,0,platt,0.015772891630763796,0.15,0
7692,2024-07-06,LIMA,0,0.099160865,0.65,0,platt,0.018265772712147327,0.15,0
7693,2024-07-06,CUSCO,1,0.7432084,0.65,1,platt,0.2444582731750834,0.15,1
7694,2024-07-07,CUSCO,0,0.4602137,0.65,0,platt,0.10010654840846228,0.15,0
7695,2024-07-07,HUANCAVELICA,0,0.40960982,0.65,0,platt,0.0850152210821294,0.15,0
7696,2024-07-07,TUMBES,0,0.08094657,0.65,0,platt,0.015081810861152707,0.15,0
7697,2024-07-07,PUNO,0,0.17683052,0.65,0,platt,0.032288493110981135,0.15,0
7698,2024-07-07,CAJAMARCA,0,0.022013295,0.65,0,platt,0.004628642493259718,0.15,0
7699,2024-07-07,PUNO,0,0.25058478,0.65,0,platt,0.04681085116786958,0.15,0
7700,2024-07-07,AYACUCHO,0,0.7655703,0.65,1,platt,0.26446176898230744,0.15,1
7701,2024-07-07,CUSCO,0,0.19317597,0.65,0,platt,0.03538394246064985,0.15,0
7702,2024-07-07,LA LIBERTAD,0,0.24065089,0.65,0,platt,0.04476474103268127,0.15,0
7703,2024-07-08,CAJAMARCA,1,0.2650526,0.65,0,platt,0.049848371848920825,0.15,0
7704,2024-07-08,CAJAMARCA,0,0.7485471,0.65,1,platt,0.24903130839555757,0.15,1
7705,2024-07-08,UCAYALI,0,0.2615006,0.65,0,platt,0.0490961124910826,0.15,0
7706,2024-07-08,CAJAMARCA,0,0.46459487,0.65,0,platt,0.10150205669701366,0.15,0
7707,2024-07-08,CUSCO,0,0.67960864,0.65,1,platt,0.19784210328609747,0.15,1
7708,2024-07-08,CUSCO,0,0.06312233,0.65,0,platt,0.011972311201933308,0.15,0
7709,2024-07-08,SAN MARTIN,0,0.133,0.65,0,platt,0.024260046932625883,0.15,0
7710,2024-07-08,LIMA,0,0.09565674,0.65,0,platt,0.01765174706160262,0.15,0
7711,2024-07-08,TUMBES,0,0.13688418,0.65,0,platt,0.024957740169505537,0.15,0
7712,2024-07-09,CUSCO,1,0.6883737,0.65,1,platt,0.20352435849494566,0.15,1
7713,2024-07-09,ICA,1,0.64932865,0.65,0,platt,0.17967685600371416,0.15,1
7714,2024-07-09,APURIMAC,0,0.27196127,0.65,0,platt,0.051324063607459024,0.15,0
7715,2024-07-10,LIMA,0,0.06928975,0.65,0,platt,0.013048986840715995,0.15,0
7716,2024-07-10,SAN MARTIN,0,0.78822,0.65,1,platt,0.2872707218500532,0.15,1
7717,2024-07-10,PUNO,1,0.76079684,0.65,1,platt,0.25999815813205956,0.15,1
7718,2024-07-10,LIMA,0,0.18496491,0.65,0,platt,0.033821222888336964,0.15,0
7719,2024-07-11,CAJAMARCA,0,0.50863117,0.65,0,platt,0.11644208031291695,0.15,0
7720,2024-07-11,LIMA,0,0.050452203,0.65,0,platt,0.009751192750615166,0.15,0
7721,2024-07-11,LIMA,0,0.05158794,0.65,0,platt,0.009951067292986513,0.15,0
7722,2024-07-11,CAJAMARCA,0,0.0722669,0.65,0,platt,0.013568252219440175,0.15,0
7723,2024-07-11,CAJAMARCA,0,0.12822871,0.65,0,platt,0.023406115922895373,0.15,0
7724,2024-07-11,ICA,0,0.11303639,0.65,0,platt,0.020707676130680766,0.15,0
7725,2024-07-12,AREQUIPA,0,0.1962662,0.65,0,platt,0.03597627565303923,0.15,0
7726,2024-07-12,LA LIBERTAD,0,0.5828864,0.65,0,platt,0.14623952407893243,0.15,0
7727,2024-07-12,PUNO,0,0.7500894,0.65,1,platt,0.2503751087767754,0.15,1
7728,2024-07-12,CUSCO,0,0.27757722,0.65,0,platt,0.052536112802913586,0.15,0
7729,2024-07-13,AREQUIPA,0,0.3280402,0.65,0,platt,0.0639769847324629,0.15,0
7730,2024-07-13,LA LIBERTAD,0,0.704331,0.65,1,platt,0.2144218651112908,0.15,1
7731,2024-07-13,ICA,0,0.20889424,0.65,0,platt,0.03842180210767738,0.15,0
7732,2024-07-14,CAJAMARCA,1,0.053795043,0.65,0,platt,0.010338960339634273,0.15,0
7733,2024-07-14,LIMA,0,0.045897633,0.65,0,platt,0.008947476698963631,0.15,0
7734,2024-07-14,ICA,0,0.16155344,0.65,0,platt,0.02944862526498672,0.15,0
7735,2024-07-14,LA LIBERTAD,0,0.07028214,0.65,0,platt,0.013222098236346149,0.15,0
7736,2024-07-14,ICA,0,0.18366584,0.65,0,platt,0.03357543641962609,0.15,0
7737,2024-07-14,CAJAMARCA,0,0.31584072,0.65,0,platt,0.06111475812467998,0.15,0
7738,2024-07-15,SAN MARTIN,0,0.23052137,0.65,0,platt,0.042709773531396204,0.15,0
7739,2024-07-15,AREQUIPA,0,0.7815073,0.65,1,platt,0.28021273645394723,0.15,1
7740,2024-07-15,LIMA,0,0.015889565,0.65,0,platt,0.003466735181635008,0.15,0
7741,2024-07-15,HUANCAVELICA,1,0.839949,0.65,1,platt,0.35239989125271043,0.15,1
7742,2024-07-16,HUANCAVELICA,1,0.9434697,0.65,1,platt,0.5992017437949162,0.15,1
7743,2024-07-16,LIMA,0,0.05988569,0.65,0,platt,0.011406408053812262,0.15,0
7744,2024-07-17,APURIMAC,0,0.048508286,0.65,0,platt,0.009408613196895588,0.15,0
7745,2024-07-17,PUNO,0,0.2838979,0.65,0,platt,0.05391401789486747,0.15,0
7746,2024-07-17,AREQUIPA,0,0.6487377,0.65,0,platt,0.17934308622532175,0.15,1
7747,2024-07-17,LIMA,0,0.1688076,0.65,0,platt,0.0307910316079353,0.15,0
7748,2024-07-17,SAN MARTIN,0,0.11795958,0.65,0,platt,0.021578946855459104,0.15,0
7749,2024-07-17,HUANCAVELICA,1,0.8772407,0.65,1,platt,0.4160925643279117,0.15,1
7750,2024-07-17,CUSCO,0,0.42339176,0.65,0,platt,0.08894905860944115,0.15,0
7751,2024-07-17,CUSCO,0,0.076456405,0.65,0,platt,0.014298780067772006,0.15,0
7752,2024-07-18,CALLAO,0,0.32186246,0.65,0,platt,0.06251941034015154,0.15,0
7753,2024-07-18,PUNO,0,0.2667594,0.65,0,platt,0.050211393834156307,0.15,0
7754,2024-07-19,LA LIBERTAD,0,0.041580148,0.65,0,platt,0.008181708549337622,0.15,0
7755,2024-07-19,ICA,0,0.1589131,0.65,0,platt,0.02896263291206237,0.15,0
7756,2024-07-19,LA LIBERTAD,0,0.035816573,0.65,0,platt,0.007151747810661642,0.15,0
7757,2024-07-20,AREQUIPA,1,0.23728132,0.65,0,platt,0.044077707983695626,0.15,0
7758,2024-07-20,LIMA,0,0.10084839,0.65,0,platt,0.018561813243582873,0.15,0
7759,2024-07-20,AMAZONAS,0,0.8369618,0.65,1,platt,0.34801571137765225,0.15,1
7760,2024-07-20,LIMA,0,0.108839296,0.65,0,platt,0.019967055186698047,0.15,0
7761,2024-07-20,LIMA,0,0.062170602,0.65,0,platt,0.011805985273576831,0.15,0
7762,2024-07-20,SAN MARTIN,0,0.06055698,0.65,0,platt,0.011523842221268003,0.15,0
7763,2024-07-21,LIMA,0,0.24214208,0.65,0,platt,0.04506990292255967,0.15,0
7764,2024-07-21,LIMA,0,0.0709946,0.65,0,platt,0.013346364731573782,0.15,0
7765,2024-07-21,LIMA,0,0.32255355,0.65,0,platt,0.06268162533260596,0.15,0
7766,2024-07-22,LA LIBERTAD,0,0.08843185,0.65,0,platt,0.01638826331544851,0.15,0
7767,2024-07-22,AREQUIPA,0,0.005179987,0.65,0,platt,0.0012927956495357921,0.15,0
7768,2024-07-22,LIMA,0,0.406092,0.65,0,platt,0.0840306391784746,0.15,0
7769,2024-07-22,LIMA,0,0.5126273,0.65,0,platt,0.11788705054982812,0.15,0
7770,2024-07-23,CUSCO,0,0.1328412,0.65,0,platt,0.02423157151450858,0.15,0
7771,2024-07-23,LA LIBERTAD,0,0.6696028,0.65,1,platt,0.19159849537015344,0.15,1
7772,2024-07-24,LIMA,0,0.070895776,0.65,0,platt,0.013329128575453314,0.15,0
7773,2024-07-24,LIMA,0,0.32043073,0.65,0,platt,0.06218401284240186,0.15,0
7774,2024-07-24,LIMA,1,0.4805732,0.65,0,platt,0.10672486397236804,0.15,0
7775,2024-07-25,LIMA,0,0.71082306,0.65,1,platt,0.21907499338398148,0.15,1
7776,2024-07-25,AREQUIPA,0,0.33663687,0.65,0,platt,0.06603394049229873,0.15,0
7777,2024-07-25,AYACUCHO,0,0.76301867,0.65,1,platt,0.2620619641736845,0.15,1
7778,2024-07-25,LIMA,0,0.105040975,0.65,0,platt,0.019298360094675584,0.15,0
7779,2024-07-25,CUSCO,0,0.20338885,0.65,0,platt,0.037350607004849275,0.15,0
7780,2024-07-25,PUNO,0,0.11642728,0.65,0,platt,0.021307465510048192,0.15,0
7781,2024-07-26,LIMA,0,0.5999019,0.65,0,platt,0.15408860082614556,0.15,1
7782,2024-07-27,PASCO,0,0.15492274,0.65,0,platt,0.028230699868605543,0.15,0
7783,2024-07-27,SAN MARTIN,0,0.01214813,0.65,0,platt,0.0027348996498563526,0.15,0
7784,2024-07-27,LIMA,0,0.22273318,0.65,0,platt,0.04115046051800014,0.15,0
7785,2024-07-27,CAJAMARCA,0,0.5229926,0.65,0,platt,0.12171089944137067,0.15,0
7786,2024-07-27,CAJAMARCA,0,0.5138646,0.65,0,platt,0.11833768873140468,0.15,0
7787,2024-07-27,LA LIBERTAD,0,0.8551361,0.65,1,platt,0.3761875347718,0.15,1
7788,2024-07-28,CUSCO,0,0.75839937,0.65,1,platt,0.25779761820324293,0.15,1
7789,2024-07-28,LIMA,0,0.023121325,0.65,0,platt,0.004835310426389543,0.15,0
7790,2024-07-28,CAJAMARCA,0,0.3849688,0.65,0,platt,0.07827679255655995,0.15,0
7791,2024-07-28,CAJAMARCA,1,0.823499,0.65,1,platt,0.32932318715117,0.15,1
7792,2024-07-28,LIMA,0,0.10244211,0.65,0,platt,0.018841613220761503,0.15,0
7793,2024-07-28,SAN MARTIN,0,0.3759902,0.65,0,platt,0.07590941855433865,0.15,0
7794,2024-07-29,LA LIBERTAD,0,0.4996004,0.65,0,platt,0.11323434432384379,0.15,0
7795,2024-07-29,LA LIBERTAD,0,0.83224475,0.65,1,platt,0.34127329703906545,0.15,1
7796,2024-07-29,AYACUCHO,1,0.9287207,0.65,1,platt,0.5463320468059317,0.15,1
7797,2024-07-29,LA LIBERTAD,0,0.8091766,0.65,1,platt,0.311153824672071,0.15,1
7798,2024-07-29,CUSCO,0,0.06712442,0.65,0,platt,0.01267116231556093,0.15,0
7799,2024-07-29,CUSCO,0,0.62772244,0.65,0,platt,0.16793548926807247,0.15,1
7800,2024-07-30,ICA,0,0.051647387,0.65,0,platt,0.00996152407444846,0.15,0
7801,2024-07-30,TUMBES,0,0.36675653,0.65,0,platt,0.073520906463381,0.15,0
7802,2024-07-30,LIMA,0,0.39074907,0.65,0,platt,0.07982506935488488,0.15,0
7803,2024-07-30,LIMA,0,0.13538162,0.65,0,platt,0.024687567185719402,0.15,0
7804,2024-07-31,LIMA,1,0.78063107,0.65,1,platt,0.27931078246933017,0.15,1
7805,2024-08-01,AREQUIPA,0,0.6432795,0.65,0,platt,0.17629481561328528,0.15,1
7806,2024-08-01,LIMA,1,0.6361717,0.65,0,platt,0.17241669115332697,0.15,1
7807,2024-08-01,CUSCO,0,0.7706627,0.65,1,platt,0.269348741888475,0.15,1
7808,2024-08-01,LIMA,0,0.019095626,0.65,0,platt,0.004079623516387961,0.15,0
7809,2024-08-01,LA LIBERTAD,1,0.8594483,0.65,1,platt,0.3834406489587264,0.15,1
7810,2024-08-01,APURIMAC,0,0.18343124,0.65,0,platt,0.03353109029676542,0.15,0
7811,2024-08-02,LIMA,0,0.07813307,0.65,0,platt,0.014591141787918904,0.15,0
7812,2024-08-02,LIMA,0,0.183137,0.65,0,platt,0.03347548958970596,0.15,0
7813,2024-08-02,PUNO,0,0.25128677,0.65,0,platt,0.046956634779509294,0.15,0
7814,2024-08-03,ICA,0,0.31153885,0.65,0,platt,0.06012080825759237,0.15,0
7815,2024-08-03,LIMA,0,0.028275313,0.65,0,platt,0.005785756410917147,0.15,0
7816,2024-08-03,AREQUIPA,0,0.04983092,0.65,0,platt,0.009641770904530741,0.15,0
7817,2024-08-03,AREQUIPA,0,0.47117907,0.65,0,platt,0.103628445285299,0.15,0
7818,2024-08-04,AREQUIPA,0,0.02849425,0.65,0,platt,0.00582578407048995,0.15,0
7819,2024-08-04,LIMA,0,0.10197234,0.65,0,platt,0.01875911641353259,0.15,0
7820,2024-08-04,CUSCO,0,0.72520655,0.65,1,platt,0.2298785093429546,0.15,1
7821,2024-08-04,CUSCO,0,0.7893201,0.65,1,platt,0.2884531456477273,0.15,1
7822,2024-08-04,LIMA,0,0.10469673,0.65,0,platt,0.019237823969953976,0.15,0
7823,2024-08-04,LIMA,0,0.26192436,0.65,0,platt,0.04918563191823923,0.15,0
7824,2024-08-04,LIMA,0,0.03840359,0.65,0,platt,0.007615293503352389,0.15,0
7825,2024-08-04,LIMA,0,0.09593042,0.65,0,platt,0.01769967219906315,0.15,0
7826,2024-08-04,CUSCO,0,0.69947755,0.65,1,platt,0.21102835616114834,0.15,1
7827,2024-08-04,CAJAMARCA,0,0.54890335,0.65,0,platt,0.13178147751163993,0.15,0
7828,2024-08-04,SAN MARTIN,0,0.35144988,0.65,0,platt,0.06965983442097592,0.15,0
7829,2024-08-04,LA LIBERTAD,0,0.6210921,0.65,0,platt,0.16451270022961567,0.15,1
7830,2024-08-05,LIMA,0,0.036988333,0.65,0,platt,0.0073619771339064775,0.15,0
7831,2024-08-05,CAJAMARCA,0,0.54663765,0.65,0,platt,0.13087001571331947,0.15,0
7832,2024-08-05,AREQUIPA,0,0.86008954,0.65,1,platt,0.38453961150051275,0.15,1
7833,2024-08-05,CUSCO,1,0.711661,0.65,1,platt,0.2196853424482885,0.15,1
7834,2024-08-06,LIMA,1,0.046538614,0.65,0,platt,0.00906081799956597,0.15,0
7835,2024-08-06,LA LIBERTAD,0,0.6031107,0.65,0,platt,0.1556190424752455,0.15,1
7836,2024-08-06,AREQUIPA,0,0.038497414,0.65,0,platt,0.00763206515363103,0.15,0
7837,2024-08-06,APURIMAC,0,0.03739285,0.65,0,platt,0.007434446777860085,0.15,0
7838,2024-08-07,CUSCO,0,0.5693286,0.65,0,platt,0.14028732475113875,0.15,0
7839,2024-08-08,AYACUCHO,0,0.67604655,0.65,1,platt,0.1955904813147637,0.15,1
7840,2024-08-08,CALLAO,0,0.023116406,0.65,0,platt,0.00483439492759899,0.15,0
7841,2024-08-08,LA LIBERTAD,1,0.7697025,0.65,1,platt,0.26841712262415685,0.15,1
7842,2024-08-08,CAJAMARCA,0,0.64745295,0.65,0,platt,0.17861995967721114,0.15,1
7843,2024-08-08,SAN MARTIN,0,0.11733475,0.65,0,platt,0.021468210391229536,0.15,0
7844,2024-08-08,LIMA,0,0.07459942,0.65,0,platt,0.01397498705276031,0.15,0
7845,2024-08-08,AREQUIPA,0,0.10389432,0.65,0,platt,0.019096762593528174,0.15,0
7846,2024-08-09,AYACUCHO,0,0.0049590296,0.65,0,platt,0.0012443101787359178,0.15,0
7847,2024-08-10,LIMA,0,0.06223461,0.65,0,platt,0.011817173288964563,0.15,0
7848,2024-08-10,LIMA,0,0.0030362208,0.65,0,platt,0.0008095863692488527,0.15,0
7849,2024-08-10,PUNO,0,0.448707,0.65,0,platt,0.09651280829256409,0.15,0
7850,2024-08-10,TUMBES,0,0.28916842,0.65,0,platt,0.055074401154536316,0.15,0
7851,2024-08-10,ICA,1,0.37812012,0.65,0,platt,0.07646694639005379,0.15,0
7852,2024-08-10,LIMA,0,0.085014336,0.65,0,platt,0.01579153947841333,0.15,0
7853,2024-08-11,ICA,0,0.23127231,0.65,0,platt,0.04286105962512766,0.15,0
7854,2024-08-11,LIMA,0,0.017650215,0.65,0,platt,0.003804695495049192,0.15,0
7855,2024-08-11,LIMA,0,0.055745766,0.65,0,platt,0.010681275085800962,0.15,0
7856,2024-08-11,LIMA,0,0.032165866,0.65,0,platt,0.006493534846717532,0.15,0
7857,2024-08-11,CAJAMARCA,0,0.80519706,0.65,1,platt,0.3063864671923034,0.15,1
7858,2024-08-11,ICA,0,0.6340059,0.65,0,platt,0.17125493662404742,0.15,1
7859,2024-08-11,LIMA,0,0.08555874,0.65,0,platt,0.015886565424301953,0.15,0
7860,2024-08-12,LIMA,0,0.16985919,0.65,0,platt,0.0309865286803374,0.15,0
7861,2024-08-12,LIMA,0,0.5857763,0.65,0,platt,0.1475419955281486,0.15,0
7862,2024-08-12,LIMA,0,0.031149833,0.65,0,platt,0.006309380000109618,0.15,0
7863,2024-08-12,AREQUIPA,0,0.7375447,0.65,1,platt,0.23973549393209423,0.15,1
7864,2024-08-12,AREQUIPA,0,0.10856262,0.65,0,platt,0.019918297763498297,0.15,0
7865,2024-08-12,LA LIBERTAD,0,0.8415573,0.65,1,platt,0.35479836574244755,0.15,1
7866,2024-08-12,ICA,0,0.5746873,0.65,0,platt,0.14260937141637997,0.15,0
7867,2024-08-12,LIMA,0,0.17282116,0.65,0,platt,0.03153843217179277,0.15,0
7868,2024-08-13,LIMA,0,0.021782879,0.65,0,platt,0.004585546677408136,0.15,0
7869,2024-08-13,CAJAMARCA,0,0.007942877,0.65,0,platt,0.0018814957365523596,0.15,0
7870,2024-08-14,HUANCAVELICA,0,0.8140981,0.65,1,platt,0.3172132432392971,0.15,1
7871,2024-08-14,LA LIBERTAD,0,0.1610173,0.65,0,platt,0.029349829652509256,0.15,0
7872,2024-08-14,CAJAMARCA,0,0.41425616,0.65,0,platt,0.08632766295417907,0.15,0
7873,2024-08-14,LA LIBERTAD,0,0.012908575,0.65,0,platt,0.0028853774038205843,0.15,0
7874,2024-08-15,LIMA,0,0.07236294,0.65,0,platt,0.01358500006204126,0.15,0
7875,2024-08-15,LIMA,0,0.22563565,0.65,0,platt,0.0417295276415596,0.15,0
7876,2024-08-15,LA LIBERTAD,0,0.13690536,0.65,0,platt,0.02496155007033864,0.15,0
7877,2024-08-15,CAJAMARCA,0,0.016242435,0.65,0,platt,0.003534760770859966,0.15,0
7878,2024-08-15,CUSCO,0,0.1076685,0.65,0,platt,0.01976078426453543,0.15,0
7879,2024-08-15,LIMA,0,0.059757642,0.65,0,platt,0.011384003164964976,0.15,0
7880,2024-08-16,HUANCAVELICA,0,0.73208326,0.65,1,platt,0.23530147027590215,0.15,1
7881,2024-08-16,LA LIBERTAD,0,0.11242276,0.65,0,platt,0.020599275653278692,0.15,0
7882,2024-08-16,LIMA,0,0.12337272,0.65,0,platt,0.022540352916682414,0.15,0
7883,2024-08-17,AYACUCHO,0,0.38164535,0.65,0,platt,0.07739524216932694,0.15,0
7884,2024-08-17,ICA,0,0.6169825,0.65,0,platt,0.1624310528891824,0.15,1
7885,2024-08-17,ICA,0,0.20455661,0.65,0,platt,0.03757716108201302,0.15,0
7886,2024-08-17,PUNO,0,0.776627,0.65,1,platt,0.2752442126288801,0.15,1
7887,2024-08-17,APURIMAC,0,0.47223914,0.65,0,platt,0.1039741318834653,0.15,0
7888,2024-08-17,CUSCO,0,0.5633272,0.65,0,platt,0.1377325520843966,0.15,0
7889,2024-08-17,AREQUIPA,0,0.4084871,0.65,0,platt,0.08470014835330256,0.15,0
7890,2024-08-18,PUNO,0,0.69765437,0.65,1,platt,0.20977182421906546,0.15,1
7891,2024-08-18,LIMA,0,0.07041379,0.65,0,platt,0.013245061600365466,0.15,0
7892,2024-08-18,CAJAMARCA,0,0.33602002,0.65,0,platt,0.06588521198349506,0.15,0
7893,2024-08-18,LIMA,0,0.19941619,0.65,0,platt,0.03658249453795801,0.15,0
7894,2024-08-18,CAJAMARCA,1,0.48745912,0.65,0,platt,0.10904292469275632,0.15,0
7895,2024-08-18,ICA,0,0.5046097,0.65,0,platt,0.11500389461281331,0.15,0
7896,2024-08-19,LIMA,0,0.116488285,0.65,0,platt,0.02131826857459834,0.15,0
7897,2024-08-20,LIMA,0,0.48931018,0.65,0,platt,0.10967323670402339,0.15,0
7898,2024-08-20,ICA,0,0.08971175,0.65,0,platt,0.01661187808640834,0.15,0
7899,2024-08-20,ICA,0,0.3631127,0.65,0,platt,0.07259082520134173,0.15,0
7900,2024-08-21,LA LIBERTAD,1,0.8711593,0.65,1,platt,0.40440380550087957,0.15,1
7901,2024-08-21,LIMA,0,0.69058704,0.65,1,platt,0.2049922083391785,0.15,1
7902,2024-08-21,LIMA,0,0.122761086,0.65,0,platt,0.022431533500841736,0.15,0
7903,2024-08-22,LIMA,0,0.143722,0.65,0,platt,0.02619182905120096,0.15,0
7904,2024-08-22,CAJAMARCA,1,0.8552979,0.65,1,platt,0.37645549169958253,0.15,1
7905,2024-08-23,CAJAMARCA,0,0.53174233,0.65,0,platt,0.12502722983382042,0.15,0
7906,2024-08-23,LIMA,0,0.79514396,0.65,1,platt,0.29483849021672076,0.15,1
7907,2024-08-23,LIMA,0,0.014685794,0.65,0,platt,0.0032334809427859317,0.15,0
7908,2024-08-24,ICA,1,0.15270986,0.65,0,platt,0.0278260948812299,0.15,0
7909,2024-08-24,LA LIBERTAD,0,0.034387894,0.65,0,platt,0.006894770313904639,0.15,0
7910,2024-08-24,LA LIBERTAD,0,0.7271492,0.65,1,platt,0.23139286316201618,0.15,1
7911,2024-08-24,AYACUCHO,1,0.7573318,0.65,1,platt,0.2568264220969797,0.15,1
7912,2024-08-24,CUSCO,1,0.5614388,0.65,0,platt,0.1369384439281013,0.15,0
7913,2024-08-25,LIMA,0,0.09090431,0.65,0,platt,0.016820309597810414,0.15,0
7914,2024-08-25,CUSCO,0,0.07319781,0.65,0,platt,0.013730586883802149,0.15,0
7915,2024-08-25,LA LIBERTAD,0,0.6437441,0.65,0,platt,0.17655188106180228,0.15,1
7916,2024-08-25,SAN MARTIN,0,0.1800269,0.65,0,platt,0.032888996101919275,0.15,0
7917,2024-08-25,HUANCAVELICA,0,0.089089416,0.65,0,platt,0.016503138522234086,0.15,0
7918,2024-08-25,LIMA,0,0.046553448,0.65,0,platt,0.009063440072400274,0.15,0
7919,2024-08-26,TUMBES,0,0.075284556,0.65,0,platt,0.014094450589837505,0.15,0
7920,2024-08-26,LA LIBERTAD,0,0.08500193,0.65,0,platt,0.01578937427851134,0.15,0
7921,2024-08-26,PUNO,0,0.52513635,0.65,0,platt,0.12251577609722783,0.15,0
7922,2024-08-26,LIMA,0,0.27019227,0.65,0,platt,0.05094460797349963,0.15,0
7923,2024-08-27,LIMA,0,0.0045292703,0.65,0,platt,0.0011492532645738128,0.15,0
7924,2024-08-27,LIMA,0,0.10383197,0.65,0,platt,0.019085803347653144,0.15,0
7925,2024-08-27,PUNO,0,0.2817361,0.65,0,platt,0.05344108441616778,0.15,0
7926,2024-08-28,LIMA,0,0.013807708,0.65,0,platt,0.0030620829299715558,0.15,0
7927,2024-08-28,LIMA,0,0.15250571,0.65,0,platt,0.02778881434685874,0.15,0
7928,2024-08-28,LIMA,0,0.086402275,0.65,0,platt,0.016033825973335577,0.15,0
7929,2024-08-28,LIMA,0,0.22374213,0.65,0,platt,0.041351480326425265,0.15,0
7930,2024-08-28,AREQUIPA,0,0.17045283,0.65,0,platt,0.031096993814327324,0.15,0
7931,2024-08-29,CUSCO,0,0.24514306,0.65,0,platt,0.04568613749832523,0.15,0
7932,2024-08-29,LIMA,0,0.17226239,0.65,0,platt,0.03143417260607886,0.15,0
7933,2024-08-29,PUNO,0,0.7815914,0.65,1,platt,0.2802995364254859,0.15,1
7934,2024-08-29,APURIMAC,0,0.6033678,0.65,0,platt,0.1557424019668661,0.15,1
7935,2024-08-30,LA LIBERTAD,0,0.49392468,0.65,0,platt,0.11125806584789784,0.15,0
7936,2024-08-30,SAN MARTIN,0,0.04637458,0.65,0,platt,0.00903182086448287,0.15,0
7937,2024-08-30,PASCO,0,0.7524988,0.65,1,platt,0.25249521565961336,0.15,1
7938,2024-08-30,CUSCO,0,0.5798423,0.65,0,platt,0.14488064254593996,0.15,0
7939,2024-08-30,CUSCO,0,0.29567564,0.65,0,platt,0.056521755098275325,0.15,0
7940,2024-08-30,LIMA,0,0.0062172906,0.65,0,platt,0.0015173184510240845,0.15,0
7941,2024-08-30,LIMA,0,0.17168131,0.65,0,platt,0.031325824346500705,0.15,0
7942,2024-08-30,CUSCO,1,0.7373845,0.65,1,platt,0.23960376391177074,0.15,1
7943,2024-08-30,ICA,0,0.071670555,0.65,0,platt,0.013464253905861928,0.15,0
7944,2024-08-30,LA LIBERTAD,0,0.028683392,0.65,0,platt,0.005860344114787809,0.15,0
7945,2024-08-31,CAJAMARCA,0,0.060549624,0.65,0,platt,0.01152255531811918,0.15,0
7946,2024-08-31,CUSCO,0,0.8634964,0.65,1,platt,0.3904703057090299,0.15,1
7947,2024-08-31,AYACUCHO,0,0.8356146,0.65,1,platt,0.34606789273720096,0.15,1
7948,2024-08-31,CALLAO,0,0.022121822,0.65,0,platt,0.0046489262729446715,0.15,0
7949,2024-08-31,ICA,0,0.32303756,0.65,0,platt,0.06279536172126733,0.15,0
7950,2024-08-31,AYACUCHO,0,0.74316514,0.65,1,platt,0.2444216941887494,0.15,1
7951,2024-08-31,AMAZONAS,1,0.70481527,0.65,1,platt,0.21476441751119765,0.15,1
7952,2024-08-31,LIMA,0,0.08685313,0.65,0,platt,0.016112546514382,0.15,0
7953,2024-08-31,ICA,0,0.28063565,0.65,0,platt,0.05320100733502754,0.15,0
7954,2024-08-31,MOQUEGUA,0,0.055641495,0.65,0,platt,0.010662988816684392,0.15,0
7955,2024-09-01,AREQUIPA,1,0.8930531,0.65,1,platt,0.44947993867222363,0.15,1
7956,2024-09-01,LIMA,0,0.10010682,0.65,0,platt,0.0184316920837097,0.15,0
7957,2024-09-01,TUMBES,0,0.13224976,0.65,0,platt,0.024125550887821076,0.15,0
7958,2024-09-01,LIMA,1,0.37960833,0.65,0,platt,0.07685799040972009,0.15,0
7959,2024-09-01,LIMA,0,0.076088235,0.65,0,platt,0.014234583831920264,0.15,0
7960,2024-09-01,LIMA,0,0.023127723,0.65,0,platt,0.004836501137674173,0.15,0
7961,2024-09-02,ICA,0,0.258644,0.65,0,platt,0.048494244094251925,0.15,0
7962,2024-09-02,CUSCO,0,0.21716444,0.65,0,platt,0.04004612112067749,0.15,0
7963,2024-09-02,CUSCO,0,0.07086725,0.65,0,platt,0.013324152870848888,0.15,0
7964,2024-09-02,LA LIBERTAD,0,0.08959666,0.65,0,platt,0.016591767187836344,0.15,0
7965,2024-09-02,CUSCO,0,0.3980165,0.65,0,platt,0.08179942662233708,0.15,0
7966,2024-09-03,ICA,0,0.052694853,0.65,0,platt,0.010145687866408511,0.15,0
7967,2024-09-03,LA LIBERTAD,0,0.011654827,0.65,0,platt,0.0026367420561741193,0.15,0
7968,2024-09-03,AREQUIPA,0,0.022606837,0.65,0,platt,0.004739464405066878,0.15,0
7969,2024-09-03,ICA,0,0.10522752,0.65,0,platt,0.01933116930645228,0.15,0
7970,2024-09-05,CUSCO,0,0.6763814,0.65,1,platt,0.19580076725202544,0.15,1
7971,2024-09-06,ICA,0,0.34788802,0.65,0,platt,0.06877828993189539,0.15,0
7972,2024-09-07,LIMA,0,0.05065625,0.65,0,platt,0.009787117152910542,0.15,0
7973,2024-09-07,LA LIBERTAD,0,0.8584624,0.65,1,platt,0.3817613934503189,0.15,1
7974,2024-09-07,LA LIBERTAD,0,0.8109513,0.65,1,platt,0.31331755507724124,0.15,1
7975,2024-09-07,AYACUCHO,0,0.78994435,0.65,1,platt,0.2891273888536193,0.15,1
7976,2024-09-07,CAJAMARCA,0,0.644673,0.65,0,platt,0.17706714772411744,0.15,1
7977,2024-09-07,LA LIBERTAD,1,0.82733953,0.65,1,platt,0.3344857618372605,0.15,1
7978,2024-09-07,LIMA,0,0.060226053,0.65,0,platt,0.011465954715459721,0.15,0
7979,2024-09-07,LIMA,0,0.2943797,0.65,0,platt,0.056232198277849324,0.15,0
7980,2024-09-08,ICA,1,0.9063794,0.65,1,platt,0.48161350934185027,0.15,1
7981,2024-09-08,AREQUIPA,0,0.04916718,0.65,0,platt,0.00952480143727165,0.15,0
7982,2024-09-08,PUNO,0,0.5173226,0.65,0,platt,0.11960543043556848,0.15,0
7983,2024-09-08,ICA,0,0.24978179,0.65,0,platt,0.04664428839627566,0.15,0
7984,2024-09-08,LA LIBERTAD,0,0.39902416,0.65,0,platt,0.08207566292468794,0.15,0
7985,2024-09-10,LA LIBERTAD,0,0.72299534,0.65,1,platt,0.22817127321426056,0.15,1
7986,2024-09-11,LA LIBERTAD,0,0.45600176,0.65,0,platt,0.09877924024135336,0.15,0
7987,2024-09-11,LIMA,0,0.10530181,0.65,0,platt,0.019344235980819573,0.15,0
7988,2024-09-11,CAJAMARCA,0,0.38446736,0.65,0,platt,0.0781433875256853,0.15,0
7989,2024-09-12,AREQUIPA,0,0.22948422,0.65,0,platt,0.042501101424846505,0.15,0
7990,2024-09-13,LA LIBERTAD,0,0.39448604,0.65,0,platt,0.08083638728827848,0.15,0
7991,2024-09-13,AYACUCHO,0,0.92358667,0.65,1,platt,0.5300293386057372,0.15,1
7992,2024-09-13,APURIMAC,1,0.48708507,0.65,0,platt,0.10891592833726717,0.15,0
7993,2024-09-13,CAJAMARCA,0,0.35116187,0.65,0,platt,0.06958832082068965,0.15,0
7994,2024-09-13,PUNO,0,0.1120399,0.65,0,platt,0.02053166359896033,0.15,0
7995,2024-09-13,CAJAMARCA,0,0.57886845,0.65,0,platt,0.14444869297239607,0.15,0
7996,2024-09-14,LIMA,0,0.0132015655,0.65,0,platt,0.002943098106584928,0.15,0
7997,2024-09-14,CAJAMARCA,0,0.2259608,0.65,0,platt,0.04179455022236729,0.15,0
7998,2024-09-14,AYACUCHO,0,0.075212955,0.65,0,platt,0.01408196606046326,0.15,0
7999,2024-09-14,LIMA,0,0.11455392,0.65,0,platt,0.02097593727668992,0.15,0
8000,2024-09-15,LA LIBERTAD,0,0.020443635,0.65,0,platt,0.004334201515636021,0.15,0
8001,2024-09-15,HUANCAVELICA,0,0.14937045,0.65,0,platt,0.02721721502314445,0.15,0
8002,2024-09-15,HUANCAVELICA,0,0.77897865,0.65,1,platt,0.2776217205448014,0.15,1
8003,2024-09-15,APURIMAC,0,0.73903126,0.65,1,platt,0.24096257376032099,0.15,1
8004,2024-09-15,ICA,0,0.14443626,0.65,0,platt,0.026321186239343427,0.15,0
8005,2024-09-15,CUSCO,0,0.03471309,0.65,0,platt,0.006953329222842658,0.15,0
8006,2024-09-15,CAJAMARCA,0,0.06545881,0.65,0,platt,0.012380409040727373,0.15,0
8007,2024-09-15,CAJAMARCA,1,0.66449046,0.65,1,platt,0.1885032421224792,0.15,1
8008,2024-09-16,LIMA,0,0.0036548283,0.65,0,platt,0.0009523289360290269,0.15,0
8009,2024-09-16,LIMA,0,0.09919558,0.65,0,platt,0.018271859942271925,0.15,0
8010,2024-09-16,LIMA,0,0.19043311,0.65,0,platt,0.03486014022368092,0.15,0
8011,2024-09-16,LA LIBERTAD,0,0.43907252,0.65,0,platt,0.09358037679733094,0.15,0
8012,2024-09-17,LA LIBERTAD,1,0.9789288,0.65,1,platt,0.7852373000109942,0.15,1
8013,2024-09-17,LIMA,0,0.055006754,0.65,0,platt,0.010551645769085705,0.15,0
8014,2024-09-17,LIMA,0,0.2680245,0.65,0,platt,0.05048112367735078,0.15,0
8015,2024-09-18,LA LIBERTAD,1,0.7134305,0.65,1,platt,0.22098179969282336,0.15,1
8016,2024-09-18,AREQUIPA,0,0.7254035,0.65,1,platt,0.2300314055577158,0.15,1
8017,2024-09-18,TUMBES,0,0.45524073,0.65,0,platt,0.09854088931768688,0.15,0
8018,2024-09-18,AREQUIPA,0,0.38173556,0.65,0,platt,0.07741908872209444,0.15,0
8019,2024-09-18,CAJAMARCA,0,0.19486184,0.65,0,platt,0.03570679867680871,0.15,0
8020,2024-09-18,AREQUIPA,0,0.013427522,0.65,0,platt,0.0029875194193402545,0.15,0
8021,2024-09-19,PUNO,0,0.3392687,0.65,0,platt,0.06667050314925031,0.15,0
8022,2024-09-19,CUSCO,0,0.20705727,0.65,0,platt,0.038063497175393805,0.15,0
8023,2024-09-19,AREQUIPA,0,0.8193721,0.65,1,platt,0.3239174234859841,0.15,1
8024,2024-09-19,LIMA,0,0.34511545,0.65,0,platt,0.0680963827505981,0.15,0
8025,2024-09-19,LIMA,0,0.11365394,0.65,0,platt,0.02081681274252514,0.15,0
8026,2024-09-19,AMAZONAS,0,0.22060277,0.65,0,platt,0.04072694856513133,0.15,0
8027,2024-09-19,LIMA,0,0.21454,0.65,0,platt,0.03952865481887321,0.15,0
8028,2024-09-19,CAJAMARCA,0,0.14717707,0.65,0,platt,0.026818381283147053,0.15,0
8029,2024-09-19,AREQUIPA,0,0.0074038906,0.65,0,platt,0.001768834749263623,0.15,0
8030,2024-09-20,CAJAMARCA,0,0.8810362,0.65,1,platt,0.4236937614408583,0.15,1
8031,2024-09-20,LA LIBERTAD,1,0.43631443,0.65,0,platt,0.0927533091657041,0.15,0
8032,2024-09-21,LIMA,0,0.021327347,0.65,0,platt,0.004500221179940468,0.15,0
8033,2024-09-21,CUSCO,1,0.6352471,0.65,0,platt,0.17191961232596942,0.15,1
8034,2024-09-21,LIMA,0,0.019057501,0.65,0,platt,0.004072398797436343,0.15,0
8035,2024-09-21,LIMA,0,0.20056972,0.65,0,platt,0.03680511535759925,0.15,0
8036,2024-09-21,LIMA,0,0.043356646,0.65,0,platt,0.008497316326944853,0.15,0
8037,2024-09-21,SAN MARTIN,0,0.3287381,0.65,0,platt,0.06414271347443545,0.15,0
8038,2024-09-21,LA LIBERTAD,0,0.7495286,0.65,1,platt,0.24988528219692457,0.15,1
8039,2024-09-21,HUANCAVELICA,0,0.3165888,0.65,0,platt,0.061288403504704166,0.15,0
8040,2024-09-22,LIMA,0,0.059543367,0.65,0,platt,0.011346508260821916,0.15,0
8041,2024-09-22,LIMA,0,0.109070994,0.65,0,platt,0.02000789219191658,0.15,0
8042,2024-09-22,APURIMAC,0,0.45715088,0.65,0,platt,0.09913998810605652,0.15,0
8043,2024-09-22,AREQUIPA,0,0.07053302,0.65,0,platt,0.013265858235319478,0.15,0
8044,2024-09-23,PUNO,0,0.05554849,0.65,0,platt,0.010646677135732686,0.15,0
8045,2024-09-23,LIMA,0,0.108053595,0.65,0,platt,0.01982861544349018,0.15,0
8046,2024-09-23,SAN MARTIN,0,0.18806773,0.65,0,platt,0.0344098712104423,0.15,0
8047,2024-09-23,PUNO,0,0.19520748,0.65,0,platt,0.035773075630143335,0.15,0
8048,2024-09-24,PUNO,0,0.39326525,0.65,0,platt,0.08050510596350026,0.15,0
8049,2024-09-24,CUSCO,1,0.005811936,0.65,0,platt,0.0014301514376409018,0.15,0
8050,2024-09-24,LA LIBERTAD,0,0.7738244,0.65,1,platt,0.2724502862609741,0.15,1
8051,2024-09-24,AYACUCHO,0,0.7392947,0.65,1,platt,0.24118096192231087,0.15,1
8052,2024-09-25,LIMA,0,0.07259077,0.65,0,platt,0.013624730522400305,0.15,0
8053,2024-09-25,ICA,0,0.7358927,0.65,1,platt,0.23838206937507492,0.15,1
8054,2024-09-26,LIMA,0,0.103955865,0.65,0,platt,0.019107579448681196,0.15,0
8055,2024-09-26,LA LIBERTAD,0,0.7244689,0.65,1,platt,0.22930703282534037,0.15,1
8056,2024-09-26,LA LIBERTAD,0,0.86860824,0.65,1,platt,0.3996704525311309,0.15,1
8057,2024-09-27,SAN MARTIN,0,0.4381359,0.65,0,platt,0.09329890057721849,0.15,0
8058,2024-09-27,LA LIBERTAD,1,0.8630161,0.65,1,platt,0.38962470939533306,0.15,1
8059,2024-09-27,PUNO,0,0.29126084,0.65,0,platt,0.05553801435447852,0.15,0
8060,2024-09-27,LIMA,0,0.115729935,0.65,0,platt,0.0211840084054105,0.15,0
8061,2024-09-28,LIMA,0,0.003293497,0.65,0,platt,0.0008693455521947553,0.15,0
8062,2024-09-28,LA LIBERTAD,0,0.07113972,0.65,0,platt,0.013371675425059371,0.15,0
8063,2024-09-29,PUNO,0,0.05990564,0.65,0,platt,0.011409898408812257,0.15,0
8064,2024-09-29,ICA,0,0.118084565,0.65,0,platt,0.02160110303083769,0.15,0
8065,2024-09-29,ICA,0,0.35409737,0.65,0,platt,0.07031914526755018,0.15,0
8066,2024-09-29,LIMA,0,0.07653386,0.65,0,platt,0.014312285822096956,0.15,0
8067,2024-09-29,CUSCO,0,0.38875368,0.65,0,platt,0.07928841521402315,0.15,0
8068,2024-09-29,AREQUIPA,0,0.3835605,0.65,0,platt,0.07790247951864335,0.15,0
8069,2024-09-30,CUSCO,0,0.062952295,0.65,0,platt,0.01194259951199433,0.15,0
8070,2024-09-30,LIMA,0,0.09479629,0.65,0,platt,0.017501105790964904,0.15,0
8071,2024-10-01,PUNO,0,0.015649745,0.65,0,platt,0.0034204152999574066,0.15,0
8072,2024-10-01,LA LIBERTAD,0,0.03171845,0.65,0,platt,0.006412497309068171,0.15,0
8073,2024-10-02,ICA,1,0.7746147,0.65,1,platt,0.27323384161682696,0.15,1
8074,2024-10-02,CAJAMARCA,0,0.073114656,0.65,0,platt,0.013716086385770754,0.15,0
8075,2024-10-02,LA LIBERTAD,0,0.5080633,0.65,0,platt,0.11623803773481496,0.15,0
8076,2024-10-03,APURIMAC,0,0.4825874,0.65,0,platt,0.10739860706901497,0.15,0
8077,2024-10-03,CAJAMARCA,0,0.49990708,0.65,0,platt,0.11334198630979496,0.15,0
8078,2024-10-03,PIURA,0,0.36925948,0.65,0,platt,0.07416383298462888,0.15,0
8079,2024-10-04,AREQUIPA,0,0.12136784,0.65,0,platt,0.02218383647941338,0.15,0
8080,2024-10-04,LIMA,0,0.09480991,0.65,0,platt,0.017503489846698878,0.15,0
8081,2024-10-05,LIMA,0,0.29605728,0.65,0,platt,0.0566071550722158,0.15,0
8082,2024-10-05,CUSCO,0,0.47566557,0.65,0,platt,0.10509791780977724,0.15,0
8083,2024-10-05,LA LIBERTAD,0,0.34448007,0.65,0,platt,0.06794063531705816,0.15,0
8084,2024-10-05,LIMA,1,0.07702319,0.65,0,platt,0.014397609406933555,0.15,0
8085,2024-10-06,ICA,0,0.62952805,0.65,0,platt,0.16888168547065144,0.15,1
8086,2024-10-06,LIMA,0,0.028315963,0.65,0,platt,0.005793190321872605,0.15,0
8087,2024-10-06,LIMA,0,0.13538605,0.65,0,platt,0.02468836243696085,0.15,0
8088,2024-10-07,CAJAMARCA,0,0.34832698,0.65,0,platt,0.06888659382466865,0.15,0
8089,2024-10-07,TUMBES,0,0.7234847,0.65,1,platt,0.22854759609645484,0.15,1
8090,2024-10-07,AREQUIPA,0,0.065949515,0.65,0,platt,0.012466080529360617,0.15,0
8091,2024-10-07,CAJAMARCA,0,0.32592735,0.65,0,platt,0.06347656689419512,0.15,0
8092,2024-10-08,LIMA,0,0.014438275,0.65,0,platt,0.0031852781002554833,0.15,0
8093,2024-10-08,ICA,1,0.74803996,0.65,1,platt,0.2485917164634321,0.15,1
8094,2024-10-08,CALLAO,0,0.01617972,0.65,0,platt,0.0035226817767184137,0.15,0
8095,2024-10-08,AREQUIPA,0,0.84064364,0.65,1,platt,0.35343248454696685,0.15,1
8096,2024-10-08,LA LIBERTAD,1,0.805535,0.65,1,platt,0.30678685957903684,0.15,1
8097,2024-10-09,LA LIBERTAD,0,0.8853884,0.65,1,platt,0.4327189198265293,0.15,1
8098,2024-10-09,LA LIBERTAD,1,0.8249199,0.65,1,platt,0.3312180433679495,0.15,1
8099,2024-10-09,LIMA,0,0.88832533,0.65,1,platt,0.4390060894439658,0.15,1
8100,2024-10-09,CAJAMARCA,0,0.8408361,0.65,1,platt,0.3537194758978783,0.15,1
8101,2024-10-09,LIMA,0,0.24328336,0.65,0,platt,0.04530392607154819,0.15,0
8102,2024-10-10,ICA,0,0.47656053,0.65,0,platt,0.10539307552553043,0.15,0
8103,2024-10-11,CAJAMARCA,0,0.39866847,0.65,0,platt,0.08197808386595924,0.15,0
8104,2024-10-12,CAJAMARCA,0,0.3474633,0.65,0,platt,0.06867359038060396,0.15,0
8105,2024-10-13,PUNO,0,0.39251807,0.65,0,platt,0.08030278252894017,0.15,0
8106,2024-10-13,LA LIBERTAD,0,0.013931228,0.65,0,platt,0.0030862610112159777,0.15,0
8107,2024-10-14,ICA,0,0.0950837,0.65,0,platt,0.017551417469720384,0.15,0
8108,2024-10-14,CAJAMARCA,0,0.9073753,0.65,1,platt,0.48418582492800616,0.15,1
8109,2024-10-14,AREQUIPA,0,0.09572662,0.65,0,platt,0.017663983246083394,0.15,0
8110,2024-10-15,CALLAO,0,0.052854884,0.65,0,platt,0.010173810826659831,0.15,0
8111,2024-10-15,LIMA,0,0.014618775,0.65,0,platt,0.0032204378225989495,0.15,0
8112,2024-10-15,LA LIBERTAD,1,0.42291623,0.65,0,platt,0.0888112472085566,0.15,0
8113,2024-10-15,LIMA,0,0.25873584,0.65,0,platt,0.04851354755216221,0.15,0
8114,2024-10-15,LIMA,0,0.061611712,0.65,0,platt,0.011708284187803121,0.15,0
8115,2024-10-16,LA LIBERTAD,0,0.39897245,0.65,0,platt,0.08206147303481293,0.15,0
8116,2024-10-16,CUSCO,0,0.054329403,0.65,0,platt,0.010432775961325616,0.15,0
8117,2024-10-16,CALLAO,0,0.041420523,0.65,0,platt,0.008153311421811643,0.15,0
8118,2024-10-16,APURIMAC,1,0.5214576,0.65,0,platt,0.12113757535696956,0.15,0
8119,2024-10-16,ICA,0,0.10173315,0.65,0,platt,0.018717118380192334,0.15,0
8120,2024-10-16,PIURA,0,0.21831316,0.65,0,platt,0.04027321362271886,0.15,0
8121,2024-10-17,AREQUIPA,1,0.60924786,0.65,0,platt,0.1585929031809863,0.15,1
8122,2024-10-17,APURIMAC,0,0.050352123,0.65,0,platt,0.009733570534779495,0.15,0
8123,2024-10-17,CUSCO,0,0.19806717,0.65,0,platt,0.036322571116842936,0.15,0
8124,2024-10-17,PUNO,0,0.62779534,0.65,0,platt,0.16797357104687702,0.15,1
8125,2024-10-17,ICA,1,0.7194085,0.65,1,platt,0.22543855388473627,0.15,1
8126,2024-10-18,LIMA,0,0.09876465,0.65,0,platt,0.01819629820352977,0.15,0
8127,2024-10-19,LIMA,0,0.007332446,0.65,0,platt,0.0017538314390558596,0.15,0
8128,2024-10-19,CAJAMARCA,0,0.2923601,0.65,0,platt,0.05578225104594128,0.15,0
8129,2024-10-19,AREQUIPA,0,0.33279553,0.65,0,platt,0.06511062293562186,0.15,0
8130,2024-10-19,AYACUCHO,0,0.72213006,0.65,1,platt,0.2275079236615591,0.15,1
8131,2024-10-19,LIMA,0,0.0868261,0.65,0,platt,0.01610782666041921,0.15,0
8132,2024-10-19,LIMA,0,0.12613955,0.65,0,platt,0.02303324601388277,0.15,0
8133,2024-10-19,AREQUIPA,0,0.583664,0.65,0,platt,0.14658878814449786,0.15,0
8134,2024-10-19,CUSCO,0,0.21616618,0.65,0,platt,0.039849069165794254,0.15,0
8135,2024-10-19,LIMA,0,0.1501049,0.65,0,platt,0.02735095514071615,0.15,0
8136,2024-10-19,LIMA,0,0.1187885,0.65,0,platt,0.02172592802456221,0.15,0
8137,2024-10-19,PUNO,0,0.59381646,0.65,0,platt,0.1512308035075079,0.15,1
8138,2024-10-19,CAJAMARCA,0,0.82658094,0.65,1,platt,0.3334556918417058,0.15,1
8139,2024-10-20,SAN MARTIN,0,0.23886603,0.65,0,platt,0.044400385446746876,0.15,0
8140,2024-10-20,PUNO,0,0.5054996,0.65,0,platt,0.11532078373147785,0.15,0
8141,2024-10-20,SAN MARTIN,0,0.041474212,0.65,0,platt,0.008162863356979357,0.15,0
8142,2024-10-20,LIMA,0,0.23679669,0.65,0,platt,0.043979180837498306,0.15,0
8143,2024-10-21,CAJAMARCA,0,0.11791493,0.65,0,platt,0.02157103185175731,0.15,0
8144,2024-10-21,LIMA,0,0.12708806,0.65,0,platt,0.02320245765390509,0.15,0
8145,2024-10-21,LA LIBERTAD,0,0.84319854,0.65,1,platt,0.35727400797743497,0.15,1
8146,2024-10-21,CALLAO,0,0.112988785,0.65,0,platt,0.020699265565150664,0.15,0
8147,2024-10-21,LIMA,0,0.029548205,0.65,0,platt,0.006018128622039258,0.15,0
8148,2024-10-22,AREQUIPA,0,0.017564388,0.65,0,platt,0.0037883021939000287,0.15,0
8149,2024-10-22,CAJAMARCA,0,0.21519965,0.65,0,platt,0.03965854069049616,0.15,0
8150,2024-10-22,AREQUIPA,0,0.6667108,0.65,1,platt,0.18983987605544647,0.15,1
8151,2024-10-23,LIMA,0,0.29678744,0.65,0,platt,0.05677069934599608,0.15,0
8152,2024-10-23,SAN MARTIN,0,0.10677896,0.65,0,platt,0.01960415703812447,0.15,0
8153,2024-10-24,LIMA,1,0.25549138,0.65,0,platt,0.04783317561169175,0.15,0
8154,2024-10-24,AREQUIPA,0,0.7870132,0.65,1,platt,0.285982092470673,0.15,1
8155,2024-10-24,LA LIBERTAD,0,0.71914965,0.65,1,platt,0.22524305812590462,0.15,1
8156,2024-10-24,LIMA,0,0.18772177,0.65,0,platt,0.03434412603871865,0.15,0
8157,2024-10-26,AREQUIPA,1,0.8414132,0.65,1,platt,0.35458232937091977,0.15,1
8158,2024-10-26,TUMBES,0,0.8573207,0.65,1,platt,0.37983251765811865,0.15,1
8159,2024-10-26,CUSCO,0,0.71915174,0.65,1,platt,0.22524463269580328,0.15,1
8160,2024-10-26,LA LIBERTAD,0,0.7704839,0.65,1,platt,0.2691748941136551,0.15,1
8161,2024-10-26,PUNO,0,0.36457604,0.65,0,platt,0.0729635069870541,0.15,0
8162,2024-10-27,SAN MARTIN,0,0.0714008,0.65,0,platt,0.01341720841988945,0.15,0
8163,2024-10-27,LIMA,0,0.19859996,0.65,0,platt,0.03642517270756959,0.15,0
8164,2024-10-27,LIMA,0,0.3283092,0.65,0,platt,0.06404083830613011,0.15,0
8165,2024-10-27,CAJAMARCA,0,0.5072491,0.65,0,platt,0.11594603219589844,0.15,0
8166,2024-10-27,CUSCO,0,0.3468596,0.65,0,platt,0.0685249170972132,0.15,0
8167,2024-10-27,LIMA,0,0.32875234,0.65,0,platt,0.06414609870214621,0.15,0
8168,2024-10-27,LIMA,0,0.14488676,0.65,0,platt,0.026402821039355075,0.15,0
8169,2024-10-27,LIMA,0,0.12011525,0.65,0,platt,0.02196135943414759,0.15,0
8170,2024-10-27,LIMA,0,0.07003281,0.65,0,platt,0.013178608349624291,0.15,0
8171,2024-10-27,LA LIBERTAD,1,0.5953071,0.65,0,platt,0.15192549507363695,0.15,1
8172,2024-10-28,LIMA,0,0.33448857,0.65,0,platt,0.0655167270385236,0.15,0
8173,2024-10-28,PUNO,0,0.51149607,0.65,0,platt,0.1174763839454336,0.15,0
8174,2024-10-28,SAN MARTIN,0,0.15564194,0.65,0,platt,0.028362396593221182,0.15,0
8175,2024-10-28,AREQUIPA,1,0.71747446,0.65,1,platt,0.2239834797096178,0.15,1
8176,2024-10-28,CUSCO,0,0.315809,0.65,0,platt,0.061107402807687373,0.15,0
8177,2024-10-29,LA LIBERTAD,0,0.4984327,0.65,0,platt,0.112825282191807,0.15,0
8178,2024-10-29,CUSCO,0,0.40830344,0.65,0,platt,0.08464867922455835,0.15,0
8179,2024-10-29,ICA,0,0.6770497,0.65,1,platt,0.19622129232387703,0.15,1
8180,2024-10-29,LA LIBERTAD,0,0.053707927,0.65,0,platt,0.01032366228550597,0.15,0
8181,2024-10-30,LIMA,0,0.08567798,0.65,0,platt,0.015907380037200203,0.15,0
8182,2024-10-30,CALLAO,0,0.019850323,0.65,0,platt,0.004222357010744299,0.15,0
8183,2024-10-30,CALLAO,0,0.019447599,0.65,0,platt,0.004146257594879154,0.15,0
8184,2024-10-30,CAJAMARCA,0,0.31459382,0.65,0,platt,0.06082585313016759,0.15,0
8185,2024-10-30,AREQUIPA,0,0.056017242,0.65,0,platt,0.010728879026253491,0.15,0
8186,2024-10-31,CUSCO,0,0.78946733,0.65,1,platt,0.28861194583795224,0.15,1
8187,2024-10-31,PUNO,0,0.05842822,0.65,0,platt,0.011151309799495667,0.15,0
8188,2024-10-31,CALLAO,0,0.009427236,0.65,0,platt,0.0021874403817913795,0.15,0
8189,2024-10-31,LA LIBERTAD,0,0.38792664,0.65,0,platt,0.07906666026353004,0.15,0
8190,2024-11-01,LIMA,0,0.020418024,0.65,0,platt,0.004329380007210357,0.15,0
8191,2024-11-01,LIMA,0,0.021085631,0.65,0,platt,0.004454876538817971,0.15,0
8192,2024-11-01,CAJAMARCA,0,0.511024,0.65,0,platt,0.11730539129918247,0.15,0
8193,2024-11-01,LIMA,0,0.23830123,0.65,0,platt,0.044285293356811854,0.15,0
8194,2024-11-01,LIMA,0,0.11098026,0.65,0,platt,0.02034461452246156,0.15,0
8195,2024-11-02,LIMA,0,0.07472439,0.65,0,platt,0.013996777364391727,0.15,0
8196,2024-11-02,LIMA,0,0.20569971,0.65,0,platt,0.03779927266093335,0.15,0
8197,2024-11-02,CUSCO,0,0.7254918,0.65,1,platt,0.2301000320380842,0.15,1
8198,2024-11-02,CUSCO,1,0.6988921,0.65,1,platt,0.21062380406954356,0.15,1
8199,2024-11-02,LIMA,0,0.14789629,0.65,0,platt,0.0269490672260637,0.15,0
8200,2024-11-02,LIMA,0,0.09132244,0.65,0,platt,0.016893406409531117,0.15,0
8201,2024-11-02,LIMA,0,0.049283713,0.65,0,platt,0.009545343291135983,0.15,0
8202,2024-11-03,LIMA,0,0.05220702,0.65,0,platt,0.01005993687342671,0.15,0
8203,2024-11-03,LIMA,0,0.13495007,0.65,0,platt,0.024610035406975563,0.15,0
8204,2024-11-03,LIMA,0,0.24325326,0.65,0,platt,0.04529774866930375,0.15,0
8205,2024-11-03,LIMA,0,0.25791618,0.65,0,platt,0.04834133240385954,0.15,0
8206,2024-11-03,PUNO,0,0.7241128,0.65,1,platt,0.22903187245817194,0.15,1
8207,2024-11-03,LA LIBERTAD,0,0.2683154,0.65,0,platt,0.050543224678227444,0.15,0
8208,2024-11-03,CAJAMARCA,0,0.06855598,0.65,0,platt,0.01292097042732645,0.15,0
8209,2024-11-03,LA LIBERTAD,0,0.28748542,0.65,0,platt,0.05470271972427645,0.15,0
8210,2024-11-04,AYACUCHO,0,0.757394,0.65,1,platt,0.256882885839753,0.15,1
8211,2024-11-04,LIMA,0,0.016189987,0.65,0,platt,0.0035246595133035974,0.15,0
8212,2024-11-04,CUSCO,0,0.5522348,0.65,0,platt,0.1331329799052501,0.15,0
8213,2024-11-05,LA LIBERTAD,0,0.7516404,0.65,1,platt,0.2517369192728523,0.15,1
8214,2024-11-05,PUNO,0,0.40011674,0.65,0,platt,0.08237587742166161,0.15,0
8215,2024-11-05,CAJAMARCA,0,0.026044196,0.65,0,platt,0.005376332689706902,0.15,0
8216,2024-11-05,CUSCO,0,0.2481385,0.65,0,platt,0.04630407391914394,0.15,0
8217,2024-11-05,PUNO,0,0.06713845,0.65,0,platt,0.012673610830966398,0.15,0
8218,2024-11-05,SAN MARTIN,0,0.21970925,0.65,0,platt,0.040549704265056725,0.15,0
8219,2024-11-05,PUNO,1,0.49671012,0.65,0,platt,0.11222419005810526,0.15,0
8220,2024-11-06,CAJAMARCA,0,0.33893552,0.65,0,platt,0.06658973493408413,0.15,0
8221,2024-11-06,AREQUIPA,0,0.09510733,0.65,0,platt,0.017555554816320845,0.15,0
8222,2024-11-06,LIMA,0,0.06656358,0.65,0,platt,0.012573273616713091,0.15,0
8223,2024-11-07,LIMA,0,0.05818749,0.65,0,platt,0.011109156623026861,0.15,0
8224,2024-11-07,LIMA,0,0.685072,0.65,1,platt,0.20135976414918666,0.15,1
8225,2024-11-08,HUANCAVELICA,0,0.82079655,0.65,1,platt,0.3257670413306392,0.15,1
8226,2024-11-08,CAJAMARCA,0,0.11685529,0.65,0,platt,0.021383269180496448,0.15,0
8227,2024-11-09,SAN MARTIN,0,0.31053057,0.65,0,platt,0.059888976619805384,0.15,0
8228,2024-11-09,LA LIBERTAD,0,0.009978,0.65,0,platt,0.002299532000080309,0.15,0
8229,2024-11-09,AYACUCHO,0,0.5119605,0.65,0,platt,0.11764483115530179,0.15,0
8230,2024-11-09,CAJAMARCA,0,0.50511456,0.65,0,platt,0.11518357578704758,0.15,0
8231,2024-11-09,LIMA,0,0.19384192,0.65,0,platt,0.035511393104796764,0.15,0
8232,2024-11-09,LIMA,0,0.092685744,0.65,0,platt,0.017131808946130086,0.15,0
8233,2024-11-10,LIMA,0,0.72552633,0.65,1,platt,0.23012685122729296,0.15,1
8234,2024-11-10,HUANCAVELICA,1,0.78156227,0.65,1,platt,0.2802694502060528,0.15,1
8235,2024-11-10,AREQUIPA,0,0.5153069,0.65,0,platt,0.11886496715654739,0.15,0
8236,2024-11-11,LA LIBERTAD,0,0.2660018,0.65,0,platt,0.05005013391099263,0.15,0
8237,2024-11-11,PUNO,0,0.69053483,0.65,1,platt,0.20495742449750648,0.15,1
8238,2024-11-11,SAN MARTIN,0,0.40917087,0.65,0,platt,0.08489193924545628,0.15,0
8239,2024-11-13,LIMA,0,0.14565247,0.65,0,platt,0.026541652840052478,0.15,0
8240,2024-11-14,HUANCAVELICA,0,0.78576005,0.65,1,platt,0.2846532849115857,0.15,1
8241,2024-11-14,PUNO,0,0.24334851,0.65,0,platt,0.04531729714371873,0.15,0
8242,2024-11-16,AREQUIPA,0,0.85714173,0.65,1,platt,0.3795316137874602,0.15,1
8243,2024-11-16,LIMA,0,0.3302186,0.65,0,platt,0.06449502708503509,0.15,0
8244,2024-11-16,LA LIBERTAD,1,0.2056213,0.65,0,platt,0.037784026238259626,0.15,0
8245,2024-11-17,APURIMAC,0,0.5874986,0.65,0,platt,0.14832403642561154,0.15,0
8246,2024-11-17,LIMA,0,0.018795045,0.65,0,platt,0.004022624290685442,0.15,0
8247,2024-11-17,LA LIBERTAD,0,0.29703787,0.65,0,platt,0.05682684017804539,0.15,0
8248,2024-11-17,LIMA,0,0.08160306,0.65,0,platt,0.015196321750458815,0.15,0
8249,2024-11-17,LA LIBERTAD,0,0.15912811,0.65,0,platt,0.029002157562366605,0.15,0
8250,2024-11-17,PUNO,0,0.3974912,0.65,0,platt,0.08165565634279436,0.15,0
8251,2024-11-17,LIMA,0,0.22353233,0.65,0,platt,0.041309657588815184,0.15,0
8252,2024-11-17,CAJAMARCA,0,0.008629826,0.65,0,platt,0.002023825853731153,0.15,0
8253,2024-11-17,LIMA,0,0.032402948,0.65,0,platt,0.0065364411325683925,0.15,0
8254,2024-11-18,LIMA,0,0.021371886,0.65,0,platt,0.00450857131375917,0.15,0
8255,2024-11-18,AREQUIPA,0,0.61729693,0.65,0,platt,0.16258926069083537,0.15,1
8256,2024-11-18,AREQUIPA,0,0.17485896,0.65,0,platt,0.03191922202040483,0.15,0
8257,2024-11-18,LIMA,0,0.16452871,0.65,0,platt,0.029997919088508303,0.15,0
8258,2024-11-18,CUSCO,1,0.95042163,0.65,1,platt,0.6278916872059384,0.15,1
8259,2024-11-18,PUNO,0,0.28564242,0.65,0,platt,0.05429693554979053,0.15,0
8260,2024-11-19,LIMA,0,0.22850877,0.65,0,platt,0.0423051326228008,0.15,0
8261,2024-11-19,LIMA,0,0.021187754,0.65,0,platt,0.004474040281397821,0.15,0
8262,2024-11-19,LA LIBERTAD,0,0.4573522,0.65,0,platt,0.09920329344175298,0.15,0
8263,2024-11-19,AYACUCHO,0,0.11984585,0.65,0,platt,0.021913536830885455,0.15,0
8264,2024-11-19,LIMA,0,0.08044307,0.65,0,platt,0.014993991066132903,0.15,0
8265,2024-11-19,LIMA,0,0.061943553,0.65,0,platt,0.011766296876314948,0.15,0
8266,2024-11-20,LIMA,0,0.81379986,0.65,1,platt,0.3168407168166806,0.15,1
8267,2024-11-20,LA LIBERTAD,0,0.068502665,0.65,0,platt,0.012911667992126551,0.15,0
8268,2024-11-20,CUSCO,0,0.7484655,0.65,1,platt,0.2489605000324474,0.15,1
8269,2024-11-20,AREQUIPA,1,0.81947356,0.65,1,platt,0.32404859445246886,0.15,1
8270,2024-11-22,LIMA,0,0.010870973,0.65,0,platt,0.0024798260830500595,0.15,0
8271,2024-11-22,CUSCO,0,0.38117507,0.65,0,platt,0.07727100213465707,0.15,0
8272,2024-11-22,LIMA,0,0.4829412,0.65,0,platt,0.10751732237432693,0.15,0
8273,2024-11-23,APURIMAC,0,0.08019507,0.65,0,platt,0.01495073731439229,0.15,0
8274,2024-11-23,SAN MARTIN,1,0.78304374,0.65,1,platt,0.28180486682011824,0.15,1
8275,2024-11-23,CUSCO,0,0.4716653,0.65,0,platt,0.10378688637789986,0.15,0
8276,2024-11-23,LIMA,0,0.033902194,0.65,0,platt,0.0068072342547388235,0.15,0
8277,2024-11-23,LA LIBERTAD,0,0.4492777,0.65,0,platt,0.09668866090662417,0.15,0
8278,2024-11-23,LIMA,0,0.30628094,0.65,0,platt,0.058916514092581855,0.15,0
8279,2024-11-24,AREQUIPA,0,0.030053094,0.65,0,platt,0.006110072862662539,0.15,0
8280,2024-11-24,LIMA,0,0.054288495,0.65,0,platt,0.010425595246147045,0.15,0
8281,2024-11-24,LIMA,0,0.16159382,0.65,0,platt,0.029456068810460798,0.15,0
8282,2024-11-25,CAJAMARCA,1,0.71601415,0.65,1,platt,0.22289322973971157,0.15,1
8283,2024-11-25,CAJAMARCA,0,0.84949666,0.65,1,platt,0.36704765813606915,0.15,1
8284,2024-11-25,CUSCO,0,0.31420252,0.65,0,platt,0.06073532493188975,0.15,0
8285,2024-11-25,AYACUCHO,0,0.83079034,0.65,1,platt,0.33923750747107906,0.15,1
8286,2024-11-25,LA LIBERTAD,0,0.3357259,0.65,0,platt,0.0658143591530473,0.15,0
8287,2024-11-26,LA LIBERTAD,0,0.31662396,0.65,0,platt,0.06129657249107698,0.15,0
8288,2024-11-27,CAJAMARCA,0,0.0039314763,0.65,0,platt,0.0010151886148273546,0.15,0
8289,2024-11-28,AREQUIPA,0,0.1182664,0.65,0,platt,0.021633341539131455,0.15,0
8290,2024-11-28,CAJAMARCA,1,0.8468471,0.65,1,platt,0.3628820435888605,0.15,1
8291,2024-11-28,LIMA,0,0.306756,0.65,0,platt,0.059024850699186344,0.15,0
8292,2024-11-29,LIMA,0,0.1773733,0.65,0,platt,0.03239030683829396,0.15,0
8293,2024-11-29,LIMA,0,0.05113948,0.65,0,platt,0.00987216793077389,0.15,0
8294,2024-11-29,LIMA,0,0.093566835,0.65,0,platt,0.017285945082144077,0.15,0
8295,2024-11-29,LA LIBERTAD,0,0.8245535,0.65,1,platt,0.3307277429275571,0.15,1
8296,2024-11-30,LIMA,0,0.054117452,0.65,0,platt,0.010395568838397238,0.15,0
8297,2024-11-30,LIMA,0,0.11642668,0.65,0,platt,0.02130735864266969,0.15,0
8298,2024-11-30,CAJAMARCA,0,0.72166383,0.65,1,platt,0.22715159026773252,0.15,1
8299,2024-11-30,LA LIBERTAD,0,0.10093343,0.65,0,platt,0.018576737999965346,0.15,0
8300,2024-12-01,TUMBES,0,0.2994223,0.65,0,platt,0.05736262358353077,0.15,0
8301,2024-12-01,TUMBES,0,0.20546438,0.65,0,platt,0.03775351791882698,0.15,0
8302,2024-12-01,AMAZONAS,0,0.8013696,0.65,1,platt,0.30190834824213436,0.15,1
8303,2024-12-01,SAN MARTIN,0,0.5591704,0.65,0,platt,0.13599062168812803,0.15,0
8304,2024-12-01,CUSCO,0,0.17367639,0.65,0,platt,0.031698133235673234,0.15,0
8305,2024-12-01,LIMA,0,0.1161256,0.65,0,platt,0.021254049093568664,0.15,0
8306,2024-12-01,LIMA,0,0.093881264,0.65,0,platt,0.01734096240706632,0.15,0
8307,2024-12-01,LIMA,0,0.022117604,0.65,0,platt,0.00464813793117563,0.15,0
8308,2024-12-02,LA LIBERTAD,0,0.36578393,0.65,0,platt,0.07327197152998821,0.15,0
8309,2024-12-02,LA LIBERTAD,1,0.74887025,0.65,1,platt,0.2493120311768516,0.15,1
8310,2024-12-02,CAJAMARCA,0,0.19258438,0.65,0,platt,0.0352708128442653,0.15,0
8311,2024-12-02,CAJAMARCA,0,0.77093,0.65,1,platt,0.2696088962375513,0.15,1
8312,2024-12-02,CAJAMARCA,0,0.72797537,0.65,1,platt,0.23204105781313064,0.15,1
8313,2024-12-03,LIMA,0,0.06537942,0.65,0,platt,0.01236654670561626,0.15,0
8314,2024-12-03,LA LIBERTAD,1,0.019884985,0.65,0,platt,0.004228899804207449,0.15,0
8315,2024-12-04,LIMA,0,0.016383411,0.65,0,platt,0.003561895567896685,0.15,0
8316,2024-12-04,CAJAMARCA,0,0.029336093,0.65,0,platt,0.005979463833039845,0.15,0
8317,2024-12-04,LA LIBERTAD,1,0.82629853,0.65,1,platt,0.3330735315918204,0.15,1
8318,2024-12-04,LIMA,0,0.021704106,0.65,0,platt,0.00457080371413544,0.15,0
8319,2024-12-05,LA LIBERTAD,1,0.87971735,0.65,1,platt,0.42102475122463834,0.15,1
8320,2024-12-05,LIMA,0,0.07221739,0.65,0,platt,0.013559618387825297,0.15,0
8321,2024-12-05,LIMA,0,0.05172482,0.65,0,platt,0.009975143722689924,0.15,0
8322,2024-12-05,LIMA,0,0.17774677,0.65,0,platt,0.03246039779273092,0.15,0
8323,2024-12-05,LIMA,0,0.17196341,0.65,0,platt,0.03137841546407844,0.15,0
8324,2024-12-06,LIMA,0,0.291176,0.65,0,platt,0.05551918216018558,0.15,0
8325,2024-12-06,LA LIBERTAD,0,0.36511382,0.65,0,platt,0.07310074884069252,0.15,0
8326,2024-12-06,LA LIBERTAD,0,0.16973063,0.65,0,platt,0.030962617586659788,0.15,0
8327,2024-12-07,LIMA,0,0.17995276,0.65,0,platt,0.03287504012347982,0.15,0
8328,2024-12-07,AREQUIPA,0,0.82288635,0.65,1,platt,0.32851151374151344,0.15,1
8329,2024-12-07,LIMA,0,0.26482263,0.65,0,platt,0.04979953969617287,0.15,0
8330,2024-12-07,MOQUEGUA,1,0.7017368,0.65,1,platt,0.21259915742854688,0.15,1
8331,2024-12-07,LA LIBERTAD,0,0.40991086,0.65,0,platt,0.08509983694570086,0.15,0
8332,2024-12-07,LIMA,0,0.06553084,0.65,0,platt,0.01239298452372985,0.15,0
8333,2024-12-07,PUNO,0,0.07155281,0.65,0,platt,0.013443719906293079,0.15,0
8334,2024-12-08,CAJAMARCA,0,0.012492821,0.65,0,platt,0.002803229454912624,0.15,0
8335,2024-12-08,LIMA,0,0.30144772,0.65,0,platt,0.05781952278745467,0.15,0
8336,2024-12-08,LIMA,0,0.1863864,0.65,0,platt,0.034090620933835275,0.15,0
8337,2024-12-08,LA LIBERTAD,0,0.52181154,0.65,0,platt,0.12126954890317099,0.15,0
8338,2024-12-08,ICA,0,0.47847793,0.65,0,platt,0.1060277252472876,0.15,0
8339,2024-12-08,LIMA,0,0.056456525,0.65,0,platt,0.010805890896653169,0.15,0
8340,2024-12-08,ICA,0,0.44197223,0.65,0,platt,0.09445580762395352,0.15,0
8341,2024-12-09,LIMA,1,0.09580255,0.65,0,platt,0.017677280482366185,0.15,0
8342,2024-12-09,CUSCO,0,0.47011197,0.65,0,platt,0.10328140684064273,0.15,0
8343,2024-12-09,LIMA,0,0.34379208,0.65,0,platt,0.06777221331944779,0.15,0
8344,2024-12-09,LIMA,0,0.060848262,0.65,0,platt,0.011574787175019169,0.15,0
8345,2024-12-10,LIMA,0,0.18034202,0.65,0,platt,0.032948319987808276,0.15,0
8346,2024-12-10,AREQUIPA,0,0.40503922,0.65,0,platt,0.08373749180018329,0.15,0
8347,2024-12-10,AREQUIPA,0,0.44014928,0.65,0,platt,0.09390474420616467,0.15,0
8348,2024-12-10,AREQUIPA,0,0.7426885,0.65,1,platt,0.2440192823987852,0.15,1
8349,2024-12-11,LA LIBERTAD,0,0.44744754,0.65,0,platt,0.09612557261104901,0.15,0
8350,2024-12-11,AYACUCHO,0,0.7199774,0.65,1,platt,0.22586897754395596,0.15,1
8351,2024-12-12,AREQUIPA,1,0.7775973,0.65,1,platt,0.2762214820808472,0.15,1
8352,2024-12-12,LA LIBERTAD,1,0.7400236,0.65,1,platt,0.24178663615547047,0.15,1
8353,2024-12-12,LA LIBERTAD,0,0.3058117,0.65,0,platt,0.058809593888005676,0.15,0
8354,2024-12-13,LIMA,0,0.018060014,0.65,0,platt,0.0038828602585073498,0.15,0
8355,2024-12-14,LIMA,0,0.19863126,0.65,0,platt,0.03643120102178469,0.15,0
8356,2024-12-14,LIMA,0,0.26884702,0.65,0,platt,0.05065678937697297,0.15,0
8357,2024-12-14,CAJAMARCA,1,0.801777,0.65,1,platt,0.3023801335530844,0.15,1
8358,2024-12-15,LIMA,0,0.7034454,0.65,1,platt,0.21379731364083993,0.15,1
8359,2024-12-15,LIMA,0,0.07258785,0.65,0,platt,0.013624221211924364,0.15,0
8360,2024-12-15,AREQUIPA,0,0.73801166,0.65,1,platt,0.2401199914123168,0.15,1
8361,2024-12-16,LIMA,1,0.07730921,0.65,0,platt,0.014447482707204414,0.15,0
8362,2024-12-16,AREQUIPA,0,0.023807837,0.65,0,platt,0.004962903143249348,0.15,0
8363,2024-12-16,LA LIBERTAD,0,0.052090734,0.65,0,platt,0.010039491521942995,0.15,0
8364,2024-12-17,AREQUIPA,0,0.70106184,0.65,1,platt,0.2121282679913919,0.15,1
8365,2024-12-17,CUSCO,0,0.22141203,0.65,0,platt,0.04088767397791954,0.15,0
8366,2024-12-17,CUSCO,0,0.24434353,0.65,0,platt,0.045521683439505585,0.15,0
8367,2024-12-17,CAJAMARCA,0,0.00800938,0.65,0,platt,0.0018953343589630937,0.15,0
8368,2024-12-18,CAJAMARCA,0,0.4862091,0.65,0,platt,0.10861900599999655,0.15,0
8369,2024-12-18,LIMA,0,0.021770354,0.65,0,platt,0.004583202971850834,0.15,0
8370,2024-12-19,LIMA,0,0.24444038,0.65,0,platt,0.04554159233045334,0.15,0
8371,2024-12-19,CUSCO,0,0.7457982,0.65,1,platt,0.24666160500777215,0.15,1
8372,2024-12-19,AREQUIPA,0,0.08816222,0.65,0,platt,0.016341165708111963,0.15,0
8373,2024-12-19,AREQUIPA,0,0.24701154,0.65,0,platt,0.04607125612088437,0.15,0
8374,2024-12-20,LA LIBERTAD,0,0.7565863,0.65,1,platt,0.2561513865972209,0.15,1
8375,2024-12-21,CAJAMARCA,0,0.010106303,0.65,0,platt,0.0023255435435681595,0.15,0
8376,2024-12-21,AREQUIPA,1,0.6179539,0.65,0,platt,0.16292039326694396,0.15,1
8377,2024-12-21,TUMBES,0,0.7606407,0.65,1,platt,0.2598539921926666,0.15,1
8378,2024-12-21,LIMA,0,0.115474455,0.65,0,platt,0.021138792790185934,0.15,0
8379,2024-12-21,LIMA,0,0.24807501,0.65,0,platt,0.04629094598126455,0.15,0
8380,2024-12-22,CUSCO,0,0.018023014,0.65,0,platt,0.003875810258605071,0.15,0
8381,2024-12-22,CUSCO,0,0.4256313,0.65,0,platt,0.08960014580564966,0.15,0
8382,2024-12-22,LIMA,0,0.10517915,0.65,0,platt,0.019322662027969915,0.15,0
8383,2024-12-22,LIMA,0,0.047974497,0.65,0,platt,0.009314429743976982,0.15,0
8384,2024-12-22,LIMA,0,0.11238345,0.65,0,platt,0.020592332917525116,0.15,0
8385,2024-12-22,LA LIBERTAD,0,0.400734,0.65,0,platt,0.08254580689006154,0.15,0
8386,2024-12-22,CUSCO,1,0.8793177,0.65,1,platt,0.42022186464546396,0.15,1
8387,2024-12-22,AREQUIPA,0,0.04279858,0.65,0,platt,0.008398254457289254,0.15,0
8388,2024-12-22,LA LIBERTAD,0,0.32892293,0.65,0,platt,0.06418664356463659,0.15,0
8389,2024-12-22,LA LIBERTAD,1,0.27812266,0.65,0,platt,0.052654439353632274,0.15,0
8390,2024-12-23,CUSCO,0,0.04363378,0.65,0,platt,0.008546483181516918,0.15,0
8391,2024-12-23,LA LIBERTAD,0,0.32061103,0.65,0,platt,0.06222620153143644,0.15,0
8392,2024-12-23,LIMA,0,0.11333421,0.65,0,platt,0.020760302886296884,0.15,0
8393,2024-12-23,CUSCO,1,0.68614465,0.65,1,platt,0.2020597443329178,0.15,1
8394,2024-12-23,LA LIBERTAD,0,0.45281652,0.65,0,platt,0.0977846136722189,0.15,0
8395,2024-12-23,SAN MARTIN,0,0.015490836,0.65,0,platt,0.00338968276653869,0.15,0
8396,2024-12-23,SAN MARTIN,0,0.029072927,0.65,0,platt,0.005931461479327097,0.15,0
8397,2024-12-24,CAJAMARCA,0,0.09885157,0.65,0,platt,0.018211537940777067,0.15,0
8398,2024-12-25,LIMA,0,0.81521153,0.65,1,platt,0.31861005787520724,0.15,1
8399,2024-12-25,PUNO,0,0.21606314,0.65,0,platt,0.03982874484093028,0.15,0
8400,2024-12-25,LA LIBERTAD,0,0.8208744,0.65,1,platt,0.3258686091975733,0.15,1
8401,2024-12-26,LIMA,0,0.018987825,0.65,0,platt,0.004059191376057586,0.15,0
8402,2024-12-26,CUSCO,0,0.38465786,0.65,0,platt,0.07819405269089816,0.15,0
8403,2024-12-26,CUSCO,0,0.34506944,0.65,0,platt,0.06808509694095524,0.15,0
8404,2024-12-26,LIMA,0,0.0880968,0.65,0,platt,0.01632973832346094,0.15,0
8405,2024-12-26,LA LIBERTAD,0,0.65799403,0.65,1,platt,0.18465827521955716,0.15,1
8406,2024-12-27,APURIMAC,1,0.7761597,0.65,1,platt,0.274775400221715,0.15,1
8407,2024-12-27,LA LIBERTAD,0,0.7799362,0.65,1,platt,0.27859862722037726,0.15,1
8408,2024-12-27,CUSCO,0,0.12920552,0.65,0,platt,0.023580668826178004,0.15,0
8409,2024-12-27,APURIMAC,0,0.5811214,0.65,0,platt,0.1454499987741342,0.15,0
8410,2024-12-28,CAJAMARCA,0,0.46658394,0.65,0,platt,0.10214070426810924,0.15,0
8411,2024-12-28,LIMA,0,0.17044944,0.65,0,platt,0.03109636140740491,0.15,0
8412,2024-12-28,LA LIBERTAD,0,0.41288486,0.65,0,platt,0.08593887944922908,0.15,0
8413,2024-12-29,LIMA,0,0.19607094,0.65,0,platt,0.0359387779516677,0.15,0
8414,2024-12-29,LIMA,0,0.06217977,0.65,0,platt,0.011807587764531356,0.15,0
8415,2024-12-29,LIMA,0,0.14547852,0.65,0,platt,0.026510103821773105,0.15,0
8416,2024-12-29,LA LIBERTAD,0,0.4499064,0.65,0,platt,0.09688267701837908,0.15,0
8417,2024-12-29,LIMA,0,0.11753048,0.65,0,platt,0.021502893372397473,0.15,0
8418,2024-12-30,ICA,0,0.12341563,0.65,0,platt,0.0225479887895413,0.15,0
8419,2024-12-30,AREQUIPA,0,0.5209969,0.65,0,platt,0.12096599387400833,0.15,0
8420,2024-12-30,HUANCAVELICA,0,0.8277872,0.65,1,platt,0.3350960966441412,0.15,1
8421,2024-12-31,LA LIBERTAD,0,0.6596339,0.65,1,platt,0.18561970718705756,0.15,1
8422,2024-12-31,AREQUIPA,0,0.20083843,0.65,0,platt,0.03685702286427394,0.15,0
8423,2024-12-31,PUNO,0,0.5016402,0.65,0,platt,0.11395200622216473,0.15,0
8424,2024-12-31,AYACUCHO,0,0.6644835,0.65,1,platt,0.18849906226846477,0.15,1
8425,2024-12-31,LIMA,0,0.07071542,0.65,0,platt,0.013297671797862117,0.15,0
8426,2025-01-01,TUMBES,0,0.005243393,0.65,0,platt,0.0013066632595781316,0.15,0
8427,2025-01-01,PIURA,0,0.29833242,0.65,0,platt,0.05711744760729138,0.15,0
8428,2025-01-01,LA LIBERTAD,0,0.684195,0.65,1,platt,0.20078974440167233,0.15,1
8429,2025-01-01,PUNO,0,0.3196378,0.65,0,platt,0.06199864830265464,0.15,0
8430,2025-01-01,AREQUIPA,0,0.088628925,0.65,0,platt,0.016422689722496855,0.15,0
8431,2025-01-02,ICA,0,0.035873987,0.65,0,platt,0.007162059630469902,0.15,0
8432,2025-01-02,PIURA,0,0.008182755,0.65,0,platt,0.0019313504421260314,0.15,0
8433,2025-01-02,LA LIBERTAD,0,0.7267109,0.65,1,platt,0.23105001912321185,0.15,1
8434,2025-01-02,CAJAMARCA,0,0.06087881,0.65,0,platt,0.011580129533788196,0.15,0
8435,2025-01-03,TUMBES,0,0.32960904,0.65,0,platt,0.06434984830295323,0.15,0
8436,2025-01-03,AREQUIPA,0,0.25422874,0.65,0,platt,0.04756934209104476,0.15,0
8437,2025-01-03,CUSCO,0,0.11689648,0.65,0,platt,0.021390564759730373,0.15,0
8438,2025-01-03,PUNO,0,0.37344924,0.65,0,platt,0.07524754467434269,0.15,0
8439,2025-01-03,LIMA,0,0.6632482,0.65,1,platt,0.18776045294808058,0.15,1
8440,2025-01-04,CUSCO,1,0.7068446,0.65,1,platt,0.2162077599991612,0.15,1
8441,2025-01-04,CUSCO,1,0.69832855,0.65,1,platt,0.2102353273501951,0.15,1
8442,2025-01-04,LIMA,0,0.09204046,0.65,0,platt,0.017018953568945165,0.15,0
8443,2025-01-04,CUSCO,0,0.46851623,0.65,0,platt,0.10276420128316859,0.15,0
8444,2025-01-04,CUSCO,0,0.51044834,0.65,0,platt,0.11709717693951477,0.15,0
8445,2025-01-04,LIMA,0,0.060645293,0.65,0,platt,0.01153928863860502,0.15,0
8446,2025-01-05,CUSCO,0,0.38195854,0.65,0,platt,0.07747805116831553,0.15,0
8447,2025-01-05,CUSCO,0,0.47458568,0.65,0,platt,0.10474267552338634,0.15,0
8448,2025-01-05,SAN MARTIN,0,0.037351012,0.65,0,platt,0.007426953804960628,0.15,0
8449,2025-01-05,AREQUIPA,0,0.09291805,0.65,0,platt,0.017172443977655553,0.15,0
8450,2025-01-06,HUANUCO,1,0.6184695,0.65,0,platt,0.16318079689156065,0.15,1
8451,2025-01-06,CUSCO,0,0.06929857,0.65,0,platt,0.01305052577290256,0.15,0
8452,2025-01-06,CUSCO,0,0.29248312,0.65,0,platt,0.05580961401794065,0.15,0
8453,2025-01-06,CUSCO,0,0.288175,0.65,0,platt,0.05485487637677052,0.15,0
8454,2025-01-06,AREQUIPA,0,0.064063266,0.65,0,platt,0.012136694826634624,0.15,0
8455,2025-01-07,CUSCO,0,0.67476267,0.65,1,platt,0.19478684949300232,0.15,1
8456,2025-01-07,LIMA,0,0.052034844,0.65,0,platt,0.010029664103362822,0.15,0
8457,2025-01-07,PIURA,0,0.89471537,0.65,1,platt,0.4532708561746386,0.15,1
8458,2025-01-07,LIMA,0,0.07973604,0.65,0,platt,0.014870680678144468,0.15,0
8459,2025-01-07,CUSCO,0,0.05209204,0.65,0,platt,0.010039721432248048,0.15,0
8460,2025-01-07,CAJAMARCA,0,0.04703673,0.65,0,platt,0.00914884149486099,0.15,0
8461,2025-01-07,AREQUIPA,0,0.2102462,0.65,0,platt,0.038686076889679066,0.15,0
8462,2025-01-08,TUMBES,0,0.08978985,0.65,0,platt,0.01662552659542011,0.15,0
8463,2025-01-08,LA LIBERTAD,0,0.36623,0.65,0,platt,0.07338608333521152,0.15,0
8464,2025-01-08,LIMA,1,0.16500767,0.65,0,platt,0.03008650944059453,0.15,0
8465,2025-01-08,CAJAMARCA,0,0.2473775,0.65,0,platt,0.046146814565512465,0.15,0
8466,2025-01-08,AYACUCHO,1,0.79514384,0.65,1,platt,0.29483835730071534,0.15,1
8467,2025-01-08,LIMA,0,0.09747568,0.65,0,platt,0.0179703655128658,0.15,0
8468,2025-01-09,HUANCAVELICA,1,0.714737,0.65,1,platt,0.2219455918565292,0.15,1
8469,2025-01-10,HUANCAVELICA,0,0.76137394,0.65,1,platt,0.2605319232730263,0.15,1
8470,2025-01-11,CAJAMARCA,1,0.833174,0.65,1,platt,0.34258446823308236,0.15,1
8471,2025-01-11,LA LIBERTAD,0,0.61134416,0.65,0,platt,0.15962304705002292,0.15,1
8472,2025-01-11,LIMA,0,0.027565068,0.65,0,platt,0.005655726877352814,0.15,0
8473,2025-01-11,AYACUCHO,0,0.8377784,0.65,1,platt,0.3492051815341365,0.15,1
8474,2025-01-11,PUNO,0,0.38002348,0.65,0,platt,0.07696729465831606,0.15,0
8475,2025-01-11,CAJAMARCA,0,0.44993648,0.65,0,platt,0.09689196406959788,0.15,0
8476,2025-01-11,CUSCO,0,0.7043046,0.65,1,platt,0.2144032088861075,0.15,1
8477,2025-01-11,AREQUIPA,0,0.039356295,0.65,0,platt,0.00778547137458412,0.15,0
8478,2025-01-12,LIMA,0,0.041170616,0.65,0,platt,0.008108839853088938,0.15,0
8479,2025-01-12,CAJAMARCA,0,0.16004126,0.65,0,platt,0.029170118922693486,0.15,0
8480,2025-01-12,CAJAMARCA,0,0.59985995,0.65,0,platt,0.15406869592644873,0.15,1
8481,2025-01-12,AYACUCHO,0,0.46258876,0.65,0,platt,0.10086116260930826,0.15,0
8482,2025-01-12,PUNO,0,0.58655894,0.65,0,platt,0.1478968152122497,0.15,0
8483,2025-01-13,LIMA,0,0.05051311,0.65,0,platt,0.009761916837741844,0.15,0
8484,2025-01-13,LA LIBERTAD,0,0.22795558,0.65,0,platt,0.04219411918425835,0.15,0
8485,2025-01-13,AYACUCHO,1,0.90519726,0.65,1,platt,0.4785929889287016,0.15,1
8486,2025-01-14,LIMA,0,0.03828778,0.65,0,platt,0.007594588608333307,0.15,0
8487,2025-01-14,LIMA,0,0.052524224,0.65,0,platt,0.010115698540648302,0.15,0
8488,2025-01-14,LIMA,0,0.39203113,0.65,0,platt,0.08017110326785107,0.15,0
8489,2025-01-15,LIMA,0,0.090656474,0.65,0,platt,0.016776987482946072,0.15,0
8490,2025-01-15,LIMA,0,0.12692067,0.65,0,platt,0.023172587339701765,0.15,0
8491,2025-01-15,PUNO,0,0.57744867,0.65,0,platt,0.14382137274762535,0.15,0
8492,2025-01-16,CUSCO,0,0.012278633,0.65,0,platt,0.002760794320227277,0.15,0
8493,2025-01-16,CUSCO,0,0.16072127,0.65,0,platt,0.02929530488927612,0.15,0
8494,2025-01-16,LIMA,0,0.030110363,0.65,0,platt,0.006120494178105066,0.15,0
8495,2025-01-16,LIMA,0,0.2843841,0.65,0,platt,0.05402062231101774,0.15,0
8496,2025-01-17,LIMA,0,0.5354069,0.65,0,platt,0.12644115898341277,0.15,0
8497,2025-01-18,LIMA,0,0.102390386,0.65,0,platt,0.018832529275971333,0.15,0
8498,2025-01-18,HUANCAVELICA,1,0.7061068,0.65,1,platt,0.21568149727176086,0.15,1
8499,2025-01-18,ANCASH,0,0.43273818,0.65,0,platt,0.0916889298103724,0.15,0
8500,2025-01-18,AREQUIPA,0,0.4139764,0.65,0,platt,0.0862482499182461,0.15,0
8501,2025-01-19,LIMA,0,0.03987615,0.65,0,platt,0.007878219530080992,0.15,0
8502,2025-01-19,TUMBES,0,0.025089854,0.65,0,platt,0.005200303531788526,0.15,0
8503,2025-01-19,TUMBES,0,0.14785175,0.65,0,platt,0.02694097150921166,0.15,0
8504,2025-01-20,AREQUIPA,0,0.29407424,0.65,0,platt,0.056164040076696516,0.15,0
8505,2025-01-20,AREQUIPA,0,0.18552908,0.65,0,platt,0.03392808713329625,0.15,0
8506,2025-01-20,LIMA,0,0.075383544,0.65,0,platt,0.014111710668740014,0.15,0
8507,2025-01-20,SAN MARTIN,0,0.10039649,0.65,0,platt,0.01848251440642603,0.15,0
8508,2025-01-20,PIURA,0,0.3034765,0.65,0,platt,0.05827883868611516,0.15,0
8509,2025-01-20,LIMA,0,0.09557572,0.65,0,platt,0.017637560866700527,0.15,0
8510,2025-01-21,CUSCO,0,0.70502555,0.65,1,platt,0.214913384558689,0.15,1
8511,2025-01-21,HUANCAVELICA,0,0.8097922,0.65,1,platt,0.31190170098038894,0.15,1
8512,2025-01-21,LIMA,1,0.26810792,0.65,0,platt,0.05049892832345457,0.15,0
8513,2025-01-21,CUSCO,0,0.056971416,0.65,0,platt,0.010896131751449045,0.15,0
8514,2025-01-21,CUSCO,0,0.056099445,0.65,0,platt,0.010743291732820888,0.15,0
8515,2025-01-22,AREQUIPA,0,0.61441463,0.65,0,platt,0.16114539659290217,0.15,1
8516,2025-01-23,LIMA,0,0.13007595,0.65,0,platt,0.02373632540067258,0.15,0
8517,2025-01-23,CAJAMARCA,0,0.8578713,0.65,1,platt,0.3807606327592814,0.15,1
8518,2025-01-23,CUSCO,0,0.028120987,0.65,0,platt,0.00575752615692701,0.15,0
8519,2025-01-23,CAJAMARCA,0,0.19566137,0.65,0,platt,0.03586015609527214,0.15,0
8520,2025-01-24,ANCASH,0,0.9387091,0.65,1,platt,0.5810511777719028,0.15,1
8521,2025-01-24,SAN MARTIN,0,0.33925593,0.65,0,platt,0.06666740293909497,0.15,0
8522,2025-01-24,CAJAMARCA,0,0.79317695,0.65,1,platt,0.29265779427620564,0.15,1
8523,2025-01-24,LIMA,0,0.05161242,0.65,0,platt,0.009955373127530344,0.15,0
8524,2025-01-25,TUMBES,0,0.3320525,0.65,0,platt,0.06493281012104557,0.15,0
8525,2025-01-25,PUNO,0,0.071021855,0.65,0,platt,0.01335111815346159,0.15,0
8526,2025-01-26,CUSCO,0,0.7063742,0.65,1,platt,0.21587205436812065,0.15,1
8527,2025-01-26,CUSCO,1,0.6929524,0.65,1,platt,0.2065760000159437,0.15,1
8528,2025-01-26,PIURA,0,0.26659703,0.65,0,platt,0.05017681727722926,0.15,0
8529,2025-01-27,CUSCO,0,0.04336897,0.65,0,platt,0.008499502986311176,0.15,0
8530,2025-01-27,LIMA,0,0.10209201,0.65,0,platt,0.01878013035132717,0.15,0
8531,2025-01-28,PIURA,0,0.02820629,0.65,0,platt,0.005773132005819094,0.15,0
8532,2025-01-28,LIMA,0,0.16826737,0.65,0,platt,0.030690689823670524,0.15,0
8533,2025-01-28,HUANCAVELICA,1,0.87604266,0.65,1,platt,0.4137431707678504,0.15,1
8534,2025-01-28,PIURA,0,0.21985124,0.65,0,platt,0.04057785601910576,0.15,0
8535,2025-01-29,AREQUIPA,0,0.11294273,0.65,0,platt,0.020691129054519343,0.15,0
8536,2025-01-29,LIMA,0,0.26629266,0.65,0,platt,0.05011202360348707,0.15,0
8537,2025-01-30,ICA,0,0.053244974,0.65,0,platt,0.010242348643274,0.15,0
8538,2025-01-30,LIMA,0,0.13789827,0.65,0,platt,0.025140282334821108,0.15,0
8539,2025-01-30,PIURA,0,0.021122618,0.65,0,platt,0.004461818183393045,0.15,0
8540,2025-01-31,PIURA,0,0.58485883,0.65,0,platt,0.14712716710277612,0.15,0
8541,2025-02-01,LA LIBERTAD,0,0.32196212,0.65,0,platt,0.0625427898268801,0.15,0
8542,2025-02-01,CAJAMARCA,0,0.76180714,0.65,1,platt,0.26093365507171556,0.15,1
8543,2025-02-01,CUSCO,0,0.726671,0.65,1,platt,0.23101881415011483,0.15,1
8544,2025-02-01,LIMA,0,0.16757739,0.65,0,platt,0.030562620288319197,0.15,0
8545,2025-02-01,HUANCAVELICA,0,0.79841316,0.65,1,platt,0.2985186461972162,0.15,1
8546,2025-02-01,PUNO,0,0.5906975,0.65,0,platt,0.1497882906736918,0.15,0
8547,2025-02-02,CAJAMARCA,0,0.2780928,0.65,0,platt,0.05264795838918703,0.15,0
8548,2025-02-02,PUNO,0,0.059360355,0.65,0,platt,0.011314480762970182,0.15,0
8549,2025-02-02,LIMA,0,0.3231409,0.65,0,platt,0.06281965462882774,0.15,0
8550,2025-02-02,CUSCO,0,0.4497635,0.65,0,platt,0.09683855213065745,0.15,0
8551,2025-02-02,PIURA,0,0.21120304,0.65,0,platt,0.03887340768726848,0.15,0
8552,2025-02-02,TUMBES,0,0.47360831,0.65,0,platt,0.10442200589744201,0.15,0
8553,2025-02-02,AREQUIPA,0,0.20915538,0.65,0,platt,0.03847281095665405,0.15,0
8554,2025-02-03,CAJAMARCA,1,0.58113843,0.65,0,platt,0.1454576027944399,0.15,0
8555,2025-02-04,HUANCAVELICA,0,0.37193912,0.65,0,platt,0.07485585306338906,0.15,0
8556,2025-02-04,AREQUIPA,1,0.7733841,0.65,1,platt,0.27201519228291676,0.15,1
8557,2025-02-04,LIMA,0,0.06444333,0.65,0,platt,0.012203078033783187,0.15,0
8558,2025-02-04,LIMA,0,0.023419535,0.65,0,platt,0.004890776050947109,0.15,0
8559,2025-02-05,LIMA,0,0.20776433,0.65,0,platt,0.03820130543257173,0.15,0
8560,2025-02-05,LIMA,0,0.022253143,0.65,0,platt,0.004673457835223958,0.15,0
8561,2025-02-05,LIMA,0,0.072649404,0.65,0,platt,0.013634955686214877,0.15,0
8562,2025-02-05,LIMA,0,0.11834045,0.65,0,platt,0.02164647006064606,0.15,0
8563,2025-02-05,LA LIBERTAD,0,0.31146014,0.65,0,platt,0.060102695624286204,0.15,0
8564,2025-02-06,ICA,0,0.75053,0.65,1,platt,0.2507608950656236,0.15,1
8565,2025-02-06,LIMA,0,0.026292304,0.65,0,platt,0.005422004439922406,0.15,0
8566,2025-02-06,LIMA,0,0.09828343,0.65,0,platt,0.018111934986745175,0.15,0
8567,2025-02-06,AREQUIPA,0,0.3766538,0.65,0,platt,0.07608284949040334,0.15,0
8568,2025-02-07,AYACUCHO,0,0.088701725,0.65,0,platt,0.016435407306651235,0.15,0
8569,2025-02-07,LIMA,0,0.09848801,0.65,0,platt,0.018147797762985345,0.15,0
8570,2025-02-07,PIURA,1,0.58842504,0.65,0,platt,0.14874652369423705,0.15,0
8571,2025-02-08,PUNO,0,0.0037800132,0.65,0,platt,0.0009808421703094191,0.15,0
8572,2025-02-08,LA LIBERTAD,0,0.6932475,0.65,1,platt,0.2067747050738612,0.15,1
8573,2025-02-08,AREQUIPA,0,0.7691329,0.65,1,platt,0.26786676008629273,0.15,1
8574,2025-02-08,LA LIBERTAD,1,0.7932322,0.65,1,platt,0.2927187113390542,0.15,1
8575,2025-02-08,LIMA,0,0.12900482,0.65,0,platt,0.02354479273140503,0.15,0
8576,2025-02-08,LIMA,0,0.08760638,0.65,0,platt,0.016244084060943725,0.15,0
8577,2025-02-08,ICA,0,0.097887054,0.65,0,platt,0.018042458432046816,0.15,0
8578,2025-02-09,LIMA,0,0.05445012,0.65,0,platt,0.010453965098606851,0.15,0
8579,2025-02-09,LIMA,0,0.059764817,0.65,0,platt,0.011385258599650575,0.15,0
8580,2025-02-09,PUNO,0,0.28895628,0.65,0,platt,0.05502749311138684,0.15,0
8581,2025-02-09,LIMA,0,0.30541182,0.65,0,platt,0.05871854704343508,0.15,0
8582,2025-02-09,CAJAMARCA,0,0.021863995,0.65,0,platt,0.004600723013066139,0.15,0
8583,2025-02-09,LIMA,0,0.15868163,0.65,0,platt,0.02892009139320056,0.15,0
8584,2025-02-09,AREQUIPA,0,0.13155997,0.65,0,platt,0.024001966822463756,0.15,0
8585,2025-02-09,PUNO,0,0.2457933,0.65,0,platt,0.045820034974052896,0.15,0
8586,2025-02-09,PUNO,0,0.16161923,0.65,0,platt,0.029460752091893118,0.15,0
8587,2025-02-09,LIMA,0,0.027434852,0.65,0,platt,0.005631857353221853,0.15,0
8588,2025-02-10,LA LIBERTAD,0,0.44114146,0.65,0,platt,0.094204373554611,0.15,0
8589,2025-02-11,PUNO,0,0.4334382,0.65,0,platt,0.09189656699213675,0.15,0
8590,2025-02-11,LIMA,0,0.3092393,0.65,0,platt,0.059592695229683114,0.15,0
8591,2025-02-12,AYACUCHO,0,0.49311185,0.65,0,platt,0.11097749103945656,0.15,0
8592,2025-02-13,LIMA,0,0.059627414,0.65,0,platt,0.011361215558665556,0.15,0
8593,2025-02-14,LIMA,1,0.68780524,0.65,1,platt,0.20314956071879856,0.15,1
8594,2025-02-14,LA LIBERTAD,0,0.16846086,0.65,0,platt,0.030726622001265042,0.15,0
8595,2025-02-14,PIURA,0,0.36526284,0.65,0,platt,0.07313880332780602,0.15,0
8596,2025-02-14,PIURA,0,0.69208056,0.65,1,platt,0.2059903988813966,0.15,1
8597,2025-02-14,AREQUIPA,0,0.044551108,0.65,0,platt,0.008709102338133065,0.15,0
8598,2025-02-15,CUSCO,0,0.8881341,0.65,1,platt,0.4385917692921775,0.15,1
8599,2025-02-15,LIMA,0,0.021520434,0.65,0,platt,0.0045364088306146955,0.15,0
8600,2025-02-15,LA LIBERTAD,0,0.115964346,0.65,0,platt,0.021225501704344427,0.15,0
8601,2025-02-15,CAJAMARCA,0,0.20769364,0.65,0,platt,0.03818752159458941,0.15,0
8602,2025-02-15,LA LIBERTAD,0,0.2861846,0.65,0,platt,0.05441617976400297,0.15,0
8603,2025-02-16,LA LIBERTAD,0,0.24857183,0.65,0,platt,0.046393702501421864,0.15,0
8604,2025-02-16,LA LIBERTAD,0,0.050947323,0.65,0,platt,0.009838351462794919,0.15,0
8605,2025-02-16,LIMA,0,0.7397404,0.65,1,platt,0.2415510269235027,0.15,1
8606,2025-02-16,PUNO,0,0.16197152,0.65,0,platt,0.029525704927123825,0.15,0
8607,2025-02-16,PIURA,0,0.42446536,0.65,0,platt,0.08926075507473033,0.15,0
8608,2025-02-16,CUSCO,0,0.5447721,0.65,0,platt,0.13012412525758948,0.15,0
8609,2025-02-16,LIMA,0,0.10734915,0.65,0,platt,0.019704545746264346,0.15,0
8610,2025-02-16,LIMA,0,0.09189541,0.65,0,platt,0.01699358927436579,0.15,0
8611,2025-02-17,LIMA,1,0.74596286,0.65,1,platt,0.2468026695978419,0.15,1
8612,2025-02-17,CUSCO,0,0.19887494,0.65,0,platt,0.036478152769047305,0.15,0
8613,2025-02-17,CUSCO,1,0.5887012,0.65,0,platt,0.14887270439026873,0.15,0
8614,2025-02-17,LA LIBERTAD,0,0.44023228,0.65,0,platt,0.09392978203646492,0.15,0
8615,2025-02-17,CUSCO,0,0.21017477,0.65,0,platt,0.038672100786026106,0.15,0
8616,2025-02-17,CUSCO,0,0.33870557,0.65,0,platt,0.06653402233475823,0.15,0
8617,2025-02-18,CAJAMARCA,0,0.7939333,0.65,1,platt,0.29349333598733557,0.15,1
8618,2025-02-18,CAJAMARCA,0,0.50887126,0.65,0,platt,0.11652844505458623,0.15,0
8619,2025-02-18,LA LIBERTAD,0,0.042739093,0.65,0,platt,0.008387690883042368,0.15,0
8620,2025-02-18,LIMA,0,0.1811886,0.65,0,platt,0.033107808841602665,0.15,0
8621,2025-02-18,LIMA,0,0.027886825,0.65,0,platt,0.005714667182929156,0.15,0
8622,2025-02-19,LA LIBERTAD,0,0.7672239,0.65,1,platt,0.26603424441922724,0.15,1
8623,2025-02-19,LIMA,1,0.10251428,0.65,0,platt,0.01885428952043694,0.15,0
8624,2025-02-20,PUNO,0,0.16315782,0.65,0,platt,0.029744605450043298,0.15,0
8625,2025-02-21,CAJAMARCA,0,0.7358074,0.65,1,platt,0.2383124810827777,0.15,1
8626,2025-02-21,CAJAMARCA,0,0.75715065,0.65,1,platt,0.2566621628776587,0.15,1
8627,2025-02-21,CAJAMARCA,0,0.2054473,0.65,0,platt,0.03775019834216344,0.15,0
8628,2025-02-22,LIMA,0,0.05927806,0.65,0,platt,0.011300077979344455,0.15,0
8629,2025-02-22,PIURA,0,0.7900265,0.65,1,platt,0.2892162824560863,0.15,1
8630,2025-02-22,CUSCO,0,0.0595482,0.65,0,platt,0.011347353778805424,0.15,0
8631,2025-02-23,LIMA,0,0.057282705,0.65,0,platt,0.010950675605335374,0.15,0
8632,2025-02-23,PIURA,0,0.060351774,0.65,0,platt,0.011487947427570502,0.15,0
8633,2025-02-24,LIMA,1,0.6894664,0.65,1,platt,0.20424733515786775,0.15,1
8634,2025-02-24,SAN MARTIN,0,0.01674169,0.65,0,platt,0.003630750114592285,0.15,0
8635,2025-02-24,CUSCO,0,0.83713037,0.65,1,platt,0.34826069760302364,0.15,1
8636,2025-02-24,AREQUIPA,0,0.5922848,0.65,0,platt,0.15052055602635972,0.15,1
8637,2025-02-25,LA LIBERTAD,0,0.843666,0.65,1,platt,0.3579844324214221,0.15,1
8638,2025-02-25,LIMA,0,0.4811133,0.65,0,platt,0.10690518275130946,0.15,0
8639,2025-02-25,LIMA,0,0.5396603,0.65,0,platt,0.12810130033199532,0.15,0
8640,2025-02-25,LA LIBERTAD,0,0.8199443,0.65,1,platt,0.3246583990453585,0.15,1
8641,2025-02-25,LA LIBERTAD,0,0.022929253,0.65,0,platt,0.004799551537290138,0.15,0
8642,2025-02-27,LIMA,0,0.03843871,0.65,0,platt,0.007621572031587193,0.15,0
8643,2025-02-27,ANCASH,0,0.68188816,0.65,1,platt,0.19930022486477222,0.15,1
8644,2025-02-27,AREQUIPA,1,0.73301494,0.65,1,platt,0.23604975618484825,0.15,1
8645,2025-02-27,LIMA,1,0.7563305,0.65,1,platt,0.2559203272685171,0.15,1
8646,2025-02-28,AREQUIPA,0,0.091261595,0.65,0,platt,0.016882769514333082,0.15,0
8647,2025-02-28,SAN MARTIN,0,0.040197622,0.65,0,platt,0.007935535118696935,0.15,0
8648,2025-02-28,LIMA,0,0.6346583,0.65,0,platt,0.17160391318894408,0.15,1
8649,2025-02-28,HUANCAVELICA,0,0.6730493,0.65,1,platt,0.19372081277705544,0.15,1
8650,2025-02-28,LIMA,0,0.031054135,0.65,0,platt,0.006292011378841912,0.15,0
8651,2025-03-01,LIMA,0,0.048396457,0.65,0,platt,0.009388885843138904,0.15,0
8652,2025-03-01,LIMA,0,0.023120765,0.65,0,platt,0.004835206086072011,0.15,0
8653,2025-03-01,AREQUIPA,0,0.6447429,0.65,0,platt,0.17710600375855695,0.15,1
8654,2025-03-01,CAJAMARCA,0,0.782258,0.65,1,platt,0.2809889122465256,0.15,1
8655,2025-03-01,AREQUIPA,0,0.5139608,0.65,0,platt,0.11837279221513075,0.15,0
8656,2025-03-01,CUSCO,0,0.29440406,0.65,0,platt,0.05623763255525886,0.15,0
8657,2025-03-01,LIMA,0,0.056056894,0.65,0,platt,0.010735831391412083,0.15,0
8658,2025-03-02,CAJAMARCA,0,0.054362476,0.65,0,platt,0.010438581328418102,0.15,0
8659,2025-03-02,AREQUIPA,0,0.037941117,0.65,0,platt,0.0075325851139076755,0.15,0
8660,2025-03-02,LIMA,1,0.73017174,0.65,1,platt,0.2337764804240777,0.15,1
8661,2025-03-02,AREQUIPA,0,0.22359802,0.65,0,platt,0.04132275053627738,0.15,0
8662,2025-03-03,HUANCAVELICA,0,0.7463268,0.65,1,platt,0.24711481722443515,0.15,1
8663,2025-03-03,APURIMAC,0,0.10863596,0.65,0,platt,0.019931221954324764,0.15,0
8664,2025-03-03,SAN MARTIN,0,0.16780166,0.65,0,platt,0.030604238160452026,0.15,0
8665,2025-03-04,CAJAMARCA,0,0.06834394,0.65,0,platt,0.01288397332297791,0.15,0
8666,2025-03-04,AREQUIPA,0,0.83329266,0.65,1,platt,0.34275251230113746,0.15,1
8667,2025-03-04,CAJAMARCA,0,0.73469865,0.65,1,platt,0.23741045496644772,0.15,1
8668,2025-03-05,PIURA,0,0.06253973,0.65,0,platt,0.011870501081249986,0.15,0
8669,2025-03-05,PIURA,0,0.0752408,0.65,0,platt,0.014086820867393789,0.15,0
8670,2025-03-05,CAJAMARCA,0,0.3722113,0.65,0,platt,0.07492636089827955,0.15,0
8671,2025-03-05,LIMA,0,0.07079073,0.65,0,platt,0.013310807137443256,0.15,0
8672,2025-03-06,AYACUCHO,1,0.6645188,0.65,1,platt,0.1885202127879705,0.15,1
8673,2025-03-06,AREQUIPA,0,0.029279754,0.65,0,platt,0.005969190257754023,0.15,0
8674,2025-03-06,LIMA,1,0.7556181,0.65,1,platt,0.25527847692050726,0.15,1
8675,2025-03-06,LIMA,0,0.03437557,0.65,0,platt,0.006892550446052943,0.15,0
8676,2025-03-07,CUSCO,0,0.2703173,0.65,0,platt,0.0509713888208607,0.15,0
8677,2025-03-07,LIMA,0,0.12319334,0.65,0,platt,0.0225084331393227,0.15,0
8678,2025-03-07,LIMA,0,0.016858594,0.65,0,platt,0.003653184800507679,0.15,0
8679,2025-03-07,LIMA,0,0.09869149,0.65,0,platt,0.01818347172551895,0.15,0
8680,2025-03-07,LIMA,0,0.10167363,0.65,0,platt,0.018706669341176374,0.15,0
8681,2025-03-08,LIMA,0,0.057638966,0.65,0,platt,0.011013087419616931,0.15,0
8682,2025-03-08,LIMA,0,0.5357743,0.65,0,platt,0.126583748583231,0.15,0
8683,2025-03-08,CUSCO,0,0.4556402,0.65,0,platt,0.0986659453027099,0.15,0
8684,2025-03-08,LIMA,0,0.345195,0.65,0,platt,0.06811589411586191,0.15,0
8685,2025-03-08,LIMA,0,0.19534504,0.65,0,platt,0.03579946314365305,0.15,0
8686,2025-03-09,CAJAMARCA,0,0.5667559,0.65,0,platt,0.1391862921585738,0.15,0
8687,2025-03-09,TUMBES,0,0.16595288,0.65,0,platt,0.030261478481895945,0.15,0
8688,2025-03-09,SAN MARTIN,0,0.029800596,0.65,0,platt,0.0060641064480046036,0.15,0
8689,2025-03-10,AREQUIPA,0,0.74397045,0.65,1,platt,0.24510370658999728,0.15,1
8690,2025-03-11,LIMA,0,0.051005367,0.65,0,platt,0.00984856674602209,0.15,0
8691,2025-03-11,AREQUIPA,1,0.6073517,0.65,0,platt,0.15766746372096108,0.15,1
8692,2025-03-11,AREQUIPA,0,0.55135804,0.65,0,platt,0.13277597644241648,0.15,0
8693,2025-03-11,HUANCAVELICA,0,0.323552,0.65,0,platt,0.06291636139639893,0.15,0
8694,2025-03-12,CUSCO,0,0.8450344,0.65,1,platt,0.3600775929690316,0.15,1
8695,2025-03-12,LIMA,0,0.09014436,0.65,0,platt,0.01668747940820841,0.15,0
8696,2025-03-13,CAJAMARCA,0,0.09111298,0.65,0,platt,0.016856787756047775,0.15,0
8697,2025-03-13,LIMA,0,0.25980675,0.65,0,platt,0.04873889497045903,0.15,0
8698,2025-03-13,TUMBES,0,0.27329102,0.65,0,platt,0.05161003007527647,0.15,0
8699,2025-03-14,CUSCO,0,0.12601642,0.65,0,platt,0.023011289278367555,0.15,0
8700,2025-03-14,ANCASH,0,0.7979495,0.65,1,platt,0.29799238952509843,0.15,1
8701,2025-03-15,CAJAMARCA,0,0.29041043,0.65,0,platt,0.05534938796407388,0.15,0
8702,2025-03-16,CAJAMARCA,0,0.22889294,0.65,0,platt,0.04238227922833406,0.15,0
8703,2025-03-17,CUSCO,0,0.04810921,0.65,0,platt,0.00933820388676245,0.15,0
8704,2025-03-17,LIMA,0,0.18904571,0.65,0,platt,0.034595875976053014,0.15,0
8705,2025-03-17,LIMA,0,0.18673861,0.65,0,platt,0.03415744244527231,0.15,0
8706,2025-03-17,LIMA,0,0.07898998,0.65,0,platt,0.014740572939214795,0.15,0
8707,2025-03-18,TUMBES,1,0.36818448,0.65,0,platt,0.07388729285193345,0.15,0
8708,2025-03-19,ANCASH,0,0.7688809,0.65,1,platt,0.2676237865661278,0.15,1
8709,2025-03-20,AREQUIPA,1,0.862731,0.65,1,platt,0.38912417434488017,0.15,1
8710,2025-03-20,AREQUIPA,0,0.024706349,0.65,0,platt,0.005129402065538284,0.15,0
8711,2025-03-20,LIMA,0,0.090995684,0.65,0,platt,0.01683628274169021,0.15,0
8712,2025-03-20,LIMA,0,0.13038377,0.65,0,platt,0.023791400375844287,0.15,0
8713,2025-03-21,LIMA,0,0.1307814,0.65,0,platt,0.023862561422685377,0.15,0
8714,2025-03-21,AREQUIPA,0,0.7132618,0.65,1,platt,0.2208577294238603,0.15,1
8715,2025-03-21,CUSCO,0,0.17381704,0.65,0,platt,0.031724413149797154,0.15,0
8716,2025-03-21,LIMA,0,0.44066247,0.65,0,platt,0.09405963597595045,0.15,0
8717,2025-03-21,CAJAMARCA,0,0.41479388,0.65,0,platt,0.0864804466776281,0.15,0
8718,2025-03-22,LIMA,1,0.16957751,0.65,0,platt,0.03093414055189966,0.15,0
8719,2025-03-22,LIMA,0,0.005310008,0.65,0,platt,0.001321211129114595,0.15,0
8720,2025-03-22,LIMA,0,0.19356367,0.65,0,platt,0.03545812794762832,0.15,0
8721,2025-03-22,CAJAMARCA,0,0.020502312,0.65,0,platt,0.0043452456911807266,0.15,0
8722,2025-03-22,CAJAMARCA,0,0.37341875,0.65,0,platt,0.075239624568538,0.15,0
8723,2025-03-23,LIMA,0,0.06574989,0.65,0,platt,0.012431229779539915,0.15,0
8724,2025-03-23,HUANCAVELICA,0,0.074433364,0.65,0,platt,0.01394603193480287,0.15,0
8725,2025-03-23,AREQUIPA,0,0.49385476,0.65,0,platt,0.11123390801422063,0.15,0
8726,2025-03-23,CUSCO,1,0.55817205,0.65,0,platt,0.13557553983936815,0.15,0
8727,2025-03-24,LIMA,0,0.09171775,0.65,0,platt,0.016962523973131357,0.15,0
8728,2025-03-24,LIMA,0,0.05620549,0.65,0,platt,0.01076188359541468,0.15,0
8729,2025-03-25,AREQUIPA,0,0.15662742,0.65,0,platt,0.028543009491868533,0.15,0
8730,2025-03-25,AREQUIPA,0,0.49263465,0.65,0,platt,0.11081305427387649,0.15,0
8731,2025-03-25,CUSCO,0,0.24177714,0.65,0,platt,0.04499515564378612,0.15,0
8732,2025-03-25,CUSCO,0,0.31516305,0.65,0,platt,0.06095765940691483,0.15,0
8733,2025-03-26,AREQUIPA,0,0.33171624,0.65,0,platt,0.06485242380900233,0.15,0
8734,2025-03-26,LIMA,0,0.5195394,0.65,0,platt,0.12042461042123427,0.15,0
8735,2025-03-26,CUSCO,0,0.10942405,0.65,0,platt,0.020070128766561654,0.15,0
8736,2025-03-26,LIMA,0,0.07050702,0.65,0,platt,0.013261322847591855,0.15,0
8737,2025-03-26,LIMA,0,0.0478801,0.65,0,platt,0.00929776840328039,0.15,0
8738,2025-03-27,AREQUIPA,0,0.00617075,0.65,0,platt,0.001507345209948464,0.15,0
8739,2025-03-27,HUANCAVELICA,0,0.7286668,0.65,1,platt,0.2325854431316721,0.15,1
8740,2025-03-27,LIMA,0,0.04681171,0.65,0,platt,0.009109083735899467,0.15,0
8741,2025-03-29,LIMA,0,0.050180223,0.65,0,platt,0.00970329848811681,0.15,0
8742,2025-03-29,AREQUIPA,0,0.06731942,0.65,0,platt,0.01270519507089335,0.15,0
8743,2025-03-29,SAN MARTIN,0,0.1499534,0.65,0,platt,0.02732335965576596,0.15,0
8744,2025-03-30,HUANCAVELICA,1,0.65561193,0.65,1,platt,0.1832724302870818,0.15,1
8745,2025-03-30,SAN MARTIN,0,0.027237415,0.65,0,platt,0.005595647586941888,0.15,0
8746,2025-03-30,ICA,0,0.049283836,0.65,0,platt,0.009545364959938941,0.15,0
8747,2025-03-30,LIMA,0,0.045634713,0.65,0,platt,0.008900961994725978,0.15,0
8748,2025-03-30,CAJAMARCA,0,0.5443556,0.65,0,platt,0.12995815692154825,0.15,0
8749,2025-03-31,LIMA,0,0.060269345,0.65,0,platt,0.011473527968079569,0.15,0
8750,2025-03-31,CUSCO,0,0.045968115,0.65,0,platt,0.008959943779853496,0.15,0
8751,2025-03-31,LIMA,0,0.11252079,0.65,0,platt,0.02061659112754926,0.15,0
8752,2025-03-31,CUSCO,0,0.05777678,0.65,0,platt,0.011037227012218716,0.15,0
8753,2025-04-01,LIMA,0,0.14845347,0.65,0,platt,0.02705037319530308,0.15,0
8754,2025-04-01,LIMA,0,0.21429212,0.65,0,platt,0.039479877096761005,0.15,0
8755,2025-04-01,LIMA,0,0.21429215,0.65,0,platt,0.03947988296022347,0.15,0
8756,2025-04-01,ANCASH,0,0.5858231,0.65,0,platt,0.14756318371208624,0.15,0
8757,2025-04-01,ICA,1,0.6581951,0.65,1,platt,0.18477582086834915,0.15,1
8758,2025-04-01,AREQUIPA,0,0.48162183,0.65,0,platt,0.10707518638925477,0.15,0
8759,2025-04-01,HUANCAVELICA,1,0.64762604,0.65,0,platt,0.17871717969255874,0.15,1
8760,2025-04-01,LIMA,0,0.11486396,0.65,0,platt,0.02103077694187991,0.15,0
8761,2025-04-02,LIMA,0,0.01938997,0.65,0,platt,0.004135355678972669,0.15,0
8762,2025-04-03,APURIMAC,0,0.18092434,0.65,0,platt,0.033058007527491655,0.15,0
8763,2025-04-04,AREQUIPA,0,0.30638874,0.65,0,platt,0.058941088979082464,0.15,0
8764,2025-04-04,HUANCAVELICA,0,0.7290474,0.65,1,platt,0.23288588845053954,0.15,1
8765,2025-04-04,AYACUCHO,0,0.5519452,0.65,0,platt,0.13301495039985195,0.15,0
8766,2025-04-05,AREQUIPA,0,0.13995756,0.65,0,platt,0.025511477290013754,0.15,0
8767,2025-04-05,CAJAMARCA,0,0.61739045,0.65,0,platt,0.16263635162479198,0.15,1
8768,2025-04-06,LIMA,0,0.30379042,0.65,0,platt,0.05835005603496393,0.15,0
8769,2025-04-06,SAN MARTIN,0,0.48328206,0.65,0,platt,0.10763179154990128,0.15,0
8770,2025-04-07,LIMA,0,0.8218464,0.65,1,platt,0.32714118315968493,0.15,1
8771,2025-04-08,AYACUCHO,0,0.14154333,0.65,0,platt,0.025797787990178744,0.15,0
8772,2025-04-08,CUSCO,0,0.065203406,0.65,0,platt,0.012335813251786372,0.15,0
8773,2025-04-09,LIMA,0,0.05784791,0.65,0,platt,0.0110496856445893,0.15,0
8774,2025-04-10,ANCASH,0,0.12963322,0.65,0,platt,0.023657139013253194,0.15,0
8775,2025-04-10,CUSCO,0,0.67408913,0.65,1,platt,0.19436691760026376,0.15,1
8776,2025-04-10,LIMA,0,0.072865576,0.65,0,platt,0.013672651995162158,0.15,0
8777,2025-04-11,AREQUIPA,1,0.6396191,0.65,0,platt,0.17428498461313036,0.15,1
8778,2025-04-12,CAJAMARCA,0,0.38649404,0.65,0,platt,0.07868347145964598,0.15,0
8779,2025-04-13,CUSCO,1,0.20609139,0.65,0,platt,0.0378754563366867,0.15,0
8780,2025-04-14,CAJAMARCA,0,0.27350733,0.65,0,platt,0.05165660684772271,0.15,0
8781,2025-04-15,CUSCO,0,0.47237,0.65,0,platt,0.10401687064109516,0.15,0
8782,2025-04-15,CUSCO,0,0.031946376,0.65,0,platt,0.006453790700436861,0.15,0
8783,2025-04-15,HUANCAVELICA,1,0.6765963,0.65,1,platt,0.19593585498601243,0.15,1
8784,2025-04-16,AYACUCHO,0,0.6151698,0.65,0,platt,0.1615223059791413,0.15,1
8785,2025-04-18,AREQUIPA,0,0.7465406,0.65,1,platt,0.24729845148577237,0.15,1
8786,2025-04-18,AREQUIPA,0,0.24021223,0.65,0,platt,0.044675103306897376,0.15,0
8787,2025-04-19,ANCASH,0,0.16706082,0.65,0,platt,0.030466804021218884,0.15,0
8788,2025-04-20,CUSCO,0,0.42724785,0.65,0,platt,0.09007221816590207,0.15,0
8789,2025-04-20,CUSCO,0,0.65397096,0.65,1,platt,0.18232508412401466,0.15,1
8790,2025-04-20,CUSCO,0,0.55736166,0.65,0,platt,0.13523954657967327,0.15,0
8791,2025-04-20,AREQUIPA,0,0.61707,0.65,0,platt,0.16247506372912116,0.15,1
8792,2025-04-21,ANCASH,0,0.75806296,0.65,1,platt,0.2574910078166678,0.15,1
8793,2025-04-21,HUANCAVELICA,1,0.5729853,0.65,0,platt,0.14186759985335926,0.15,0
8794,2025-04-21,CUSCO,0,0.052371047,0.65,0,platt,0.010088773278202946,0.15,0
8795,2025-04-22,ANCASH,1,0.5430872,0.65,0,platt,0.12945400626267645,0.15,0
8796,2025-04-22,SAN MARTIN,0,0.021823006,0.65,0,platt,0.004593054824742351,0.15,0
8797,2025-04-22,CUSCO,0,0.26163918,0.65,0,platt,0.049125381059376146,0.15,0
8798,2025-04-23,SAN MARTIN,0,0.047635555,0.65,0,platt,0.009254599168083752,0.15,0
8799,2025-04-24,ANCASH,0,0.783076,0.65,1,platt,0.2818384280793316,0.15,1
8800,2025-04-25,LIMA,0,0.15359904,0.65,0,platt,0.027988564353053812,0.15,0
8801,2025-04-25,ANCASH,0,0.09097273,0.65,0,platt,0.016832269875822342,0.15,0
8802,2025-04-26,AREQUIPA,0,0.90997696,0.65,1,platt,0.4910287701623841,0.15,1
8803,2025-04-26,CUSCO,0,0.59250087,0.65,0,platt,0.15062053137481532,0.15,1
8804,2025-04-26,CUSCO,0,0.13651618,0.65,0,platt,0.024891538016732453,0.15,0
8805,2025-04-26,SAN MARTIN,0,0.27805135,0.65,0,platt,0.05263896190142881,0.15,0
8806,2025-04-26,CUSCO,0,0.20593448,0.65,0,platt,0.03784493168835535,0.15,0
8807,2025-04-27,CUSCO,0,0.44133613,0.65,0,platt,0.09426324548633658,0.15,0
8808,2025-04-28,CUSCO,0,0.91402286,0.65,1,platt,0.5020390448349523,0.15,1
8809,2025-04-30,SAN MARTIN,0,0.094567426,0.65,0,platt,0.01746104558067249,0.15,0
8810,2025-04-30,AREQUIPA,0,0.17483695,0.65,0,platt,0.031915104535942575,0.15,0
8811,2025-04-30,CAJAMARCA,1,0.22954828,0.65,0,platt,0.042513980986293276,0.15,0
8812,2025-05-01,AREQUIPA,0,0.033261444,0.65,0,platt,0.006691613431744625,0.15,0
8813,2025-05-01,AYACUCHO,0,0.80616814,0.65,1,platt,0.30753915201329596,0.15,1
8814,2025-05-03,AREQUIPA,0,0.12084767,0.65,0,platt,0.022091422983104608,0.15,0
8815,2025-05-04,APURIMAC,0,0.17624977,0.65,0,platt,0.03217963208219542,0.15,0
8816,2025-05-04,TUMBES,0,0.39203775,0.65,0,platt,0.08017289147695801,0.15,0
8817,2025-05-06,CALLAO,0,0.036664963,0.65,0,platt,0.00730400656872266,0.15,0
8818,2025-05-07,MADRE DE DIOS,0,0.1702059,0.65,0,platt,0.03105103692455484,0.15,0
8819,2025-05-08,AREQUIPA,0,0.047728237,0.65,0,platt,0.009270961546656686,0.15,0
8820,2025-05-09,AREQUIPA,0,0.70683783,0.65,1,platt,0.21620290579558296,0.15,1
8821,2025-05-09,SAN MARTIN,0,0.32174233,0.65,0,platt,0.06249123350069246,0.15,0
8822,2025-05-10,CUSCO,0,0.6348675,0.65,0,platt,0.17171600336047105,0.15,1
8823,2025-05-13,CUSCO,0,0.25699487,0.65,0,platt,0.048148026884180746,0.15,0
8824,2025-05-16,SAN MARTIN,0,0.095244974,0.65,0,platt,0.017579651826124705,0.15,0
8825,2025-05-16,AREQUIPA,0,0.34577268,0.65,0,platt,0.06825768997157716,0.15,0
8826,2025-05-16,AREQUIPA,0,0.09179703,0.65,0,platt,0.016976386858755934,0.15,0
8827,2025-05-17,AREQUIPA,0,0.07079533,0.65,0,platt,0.013311608924575708,0.15,0
8828,2025-05-17,AYACUCHO,0,0.6461718,0.65,0,platt,0.17790234214893602,0.15,1
8829,2025-05-17,APURIMAC,0,0.4916458,0.65,0,platt,0.11047297289441349,0.15,0
8830,2025-05-18,CUSCO,0,0.097491056,0.65,0,platt,0.017973060251407203,0.15,0
8831,2025-05-18,AYACUCHO,1,0.7422208,0.65,1,platt,0.24362537767045353,0.15,1
8832,2025-05-18,CUSCO,0,0.47556895,0.65,0,platt,0.1050660935870523,0.15,0
8833,2025-05-18,SAN MARTIN,0,0.2633762,0.65,0,platt,0.049492800486599854,0.15,0
8834,2025-05-18,CUSCO,0,0.120544225,0.65,0,platt,0.022037528495247535,0.15,0
8835,2025-05-20,CAJAMARCA,0,0.52101046,0.65,0,platt,0.12097103002629432,0.15,0
8836,2025-05-20,CUSCO,0,0.6132693,0.65,0,platt,0.1605756635055015,0.15,1
8837,2025-05-20,CAJAMARCA,0,0.803351,0.65,1,platt,0.304213709229329,0.15,1
8838,2025-05-23,ANCASH,0,0.2738127,0.65,0,platt,0.05172239345669008,0.15,0
8839,2025-05-24,CAJAMARCA,0,0.17770822,0.65,0,platt,0.03245316158480532,0.15,0
8840,2025-05-25,CAJAMARCA,0,0.58835155,0.65,0,platt,0.14871296185025146,0.15,0
8841,2025-05-25,SAN MARTIN,0,0.28546548,0.65,0,platt,0.054258046071355676,0.15,0
8842,2025-05-26,SAN MARTIN,0,0.021149974,0.65,0,platt,0.004466951755335566,0.15,0
8843,2025-05-27,CUSCO,0,0.54832286,0.65,0,platt,0.1315473651120541,0.15,0
8844,2025-05-29,CUSCO,0,0.45124814,0.65,0,platt,0.09729772458630304,0.15,0
8845,2025-05-30,CUSCO,0,0.16581096,0.65,0,platt,0.03023519614108763,0.15,0
8846,2025-05-30,CAJAMARCA,0,0.8257771,0.65,1,platt,0.3323697928580144,0.15,1
8847,2025-05-30,CUSCO,0,0.76516455,0.65,1,platt,0.2640780326625796,0.15,1
8848,2025-05-31,CALLAO,0,0.10366829,0.65,0,platt,0.019057036507310644,0.15,0
8849,2025-06-01,ANCASH,0,0.36493775,0.65,0,platt,0.07305579866598359,0.15,0
8850,2025-06-01,CAJAMARCA,0,0.5467794,0.65,0,platt,0.13092685552503938,0.15,0
8851,2025-06-02,CUSCO,0,0.1490398,0.65,0,platt,0.027157037969501075,0.15,0
8852,2025-06-02,CAJAMARCA,0,0.3495871,0.65,0,platt,0.06919802946446443,0.15,0
8853,2025-06-03,CUSCO,0,0.053715218,0.65,0,platt,0.010324942557548646,0.15,0
8854,2025-06-03,CAJAMARCA,0,0.20297313,0.65,0,platt,0.0372700375632183,0.15,0
8855,2025-06-03,AREQUIPA,0,0.039665166,0.65,0,platt,0.007840586692753563,0.15,0
8856,2025-06-04,CAJAMARCA,0,0.7502189,0.65,1,platt,0.25048842885810785,0.15,1
8857,2025-06-05,LIMA,0,0.67123497,0.65,1,platt,0.19259993585682475,0.15,1
8858,2025-06-05,CUSCO,0,0.21940342,0.65,0,platt,0.04048908888575974,0.15,0
8859,2025-06-06,CAJAMARCA,0,0.72549075,0.65,1,platt,0.23009919834962272,0.15,1
8860,2025-06-06,ANCASH,0,0.7400259,0.65,1,platt,0.24178852153773112,0.15,1
8861,2025-06-06,AREQUIPA,0,0.13260709,0.65,0,platt,0.02418959878401338,0.15,0
8862,2025-06-07,CUSCO,1,0.72867185,0.65,1,platt,0.23258943865701173,0.15,1
8863,2025-06-07,HUANCAVELICA,0,0.22684859,0.65,0,platt,0.04197223732875264,0.15,0
8864,2025-06-08,SAN MARTIN,1,0.2813796,0.65,0,platt,0.05336326141998841,0.15,0
8865,2025-06-09,CAJAMARCA,0,0.114880264,0.65,0,platt,0.02103366070365552,0.15,0
8866,2025-06-11,CUSCO,0,0.05725936,0.65,0,platt,0.010946585206170733,0.15,0
8867,2025-06-11,CUSCO,0,0.28006583,0.65,0,platt,0.05307686967647742,0.15,0
8868,2025-06-12,CUSCO,1,0.78719944,0.65,1,platt,0.28618041005206496,0.15,1
8869,2025-06-12,CUSCO,0,0.25836453,0.65,0,platt,0.04843550531054956,0.15,0
8870,2025-06-12,CUSCO,0,0.64979255,0.65,0,platt,0.17993940380724663,0.15,1
8871,2025-06-13,AREQUIPA,0,0.10600519,0.65,0,platt,0.019467977856031292,0.15,0
8872,2025-06-13,AREQUIPA,0,0.69203424,0.65,1,platt,0.205959351368485,0.15,1
8873,2025-06-13,CUSCO,0,0.017753055,0.65,0,platt,0.0038243279811830296,0.15,0
8874,2025-06-15,CUSCO,0,0.034849677,0.65,0,platt,0.006977913225181451,0.15,0
8875,2025-06-15,CUSCO,0,0.42012292,0.65,0,platt,0.08800476876237068,0.15,0
8876,2025-06-15,LIMA,0,0.0700228,0.65,0,platt,0.013176861652112569,0.15,0
8877,2025-06-16,SAN MARTIN,0,0.3405202,0.65,0,platt,0.06697434306055765,0.15,0
8878,2025-06-16,CUSCO,1,0.7232015,0.65,1,platt,0.228329720574098,0.15,1
8879,2025-06-16,CAJAMARCA,0,0.3843712,0.65,0,platt,0.07811781706441646,0.15,0
8880,2025-06-16,HUANCAVELICA,1,0.6778463,0.65,1,platt,0.1967240575543962,0.15,1
8881,2025-06-17,CUSCO,0,0.46364313,0.65,0,platt,0.10119760252124901,0.15,0
8882,2025-06-18,CUSCO,0,0.211119,0.65,0,platt,0.038856943847034156,0.15,0
8883,2025-06-18,CUSCO,0,0.060066637,0.65,0,platt,0.01143806577716054,0.15,0
8884,2025-06-20,SAN MARTIN,0,0.012333471,0.65,0,platt,0.0027716664869501676,0.15,0
8885,2025-06-21,SAN MARTIN,0,0.5053675,0.65,0,platt,0.11527370047114019,0.15,0
8886,2025-06-21,ANCASH,0,0.09274169,0.65,0,platt,0.017141594678391388,0.15,0
8887,2025-06-22,AREQUIPA,0,0.243787,0.65,0,platt,0.04540732959745685,0.15,0
8888,2025-06-22,CAJAMARCA,1,0.7909397,0.65,1,platt,0.2902074468927841,0.15,1
8889,2025-06-23,CUSCO,0,0.026037954,0.65,0,platt,0.005375183232400247,0.15,0
8890,2025-06-24,ANCASH,0,0.11089597,0.65,0,platt,0.020329741078646518,0.15,0
8891,2025-06-25,SAN MARTIN,0,0.38013315,0.65,0,platt,0.07699618649236378,0.15,0
8892,2025-06-25,AYACUCHO,0,0.6993215,0.65,1,platt,0.2109204255378723,0.15,1
8893,2025-06-25,TUMBES,0,0.23405851,0.65,0,platt,0.04342383580121211,0.15,0
8894,2025-06-26,CUSCO,0,0.5908592,0.65,0,platt,0.14986269008325057,0.15,0
8895,2025-06-26,AREQUIPA,0,0.010521998,0.65,0,platt,0.0024095701170937073,0.15,0
8896,2025-06-27,LIMA,0,0.058115527,0.65,0,platt,0.011096554819949766,0.15,0
8897,2025-06-27,CAJAMARCA,0,0.28453556,0.65,0,platt,0.054053848922473384,0.15,0
8898,2025-06-28,LIMA,0,0.07705113,0.65,0,platt,0.0144024812188309,0.15,0
8899,2025-06-28,SAN MARTIN,1,0.09110946,0.65,0,platt,0.01685617297224279,0.15,0
8900,2025-06-29,CUSCO,0,0.56958425,0.65,0,platt,0.14039721564128793,0.15,0
8901,2025-06-29,AREQUIPA,1,0.89952046,0.65,1,platt,0.46456494392961817,0.15,1
8902,2025-06-29,ANCASH,0,0.614001,0.65,0,platt,0.16093936203099224,0.15,1
8903,2025-06-30,AREQUIPA,0,0.73206615,0.65,1,platt,0.23528776183350303,0.15,1
8904,2025-06-30,CUSCO,0,0.8165204,0.65,1,platt,0.32026462137922507,0.15,1
8905,2025-07-01,LIMA,0,0.2844153,0.65,0,platt,0.05402746699531033,0.15,0
8906,2025-07-01,CUSCO,0,0.23262459,0.65,0,platt,0.043133913240705396,0.15,0
8907,2025-07-01,CAJAMARCA,0,0.48463306,0.65,0,platt,0.1080865088623917,0.15,0
8908,2025-07-01,TUMBES,0,0.022098111,0.65,0,platt,0.00464449536814395,0.15,0
8909,2025-07-02,CAJAMARCA,0,0.10739014,0.65,0,platt,0.019711764263160052,0.15,0
8910,2025-07-02,CAJAMARCA,0,0.275671,0.65,0,platt,0.052123433737221156,0.15,0
8911,2025-07-02,AREQUIPA,0,0.9227282,0.65,1,platt,0.5273951118991145,0.15,1
8912,2025-07-04,CAJAMARCA,0,0.017079497,0.65,0,platt,0.003695534355014883,0.15,0
8913,2025-07-05,AYACUCHO,0,0.8321709,0.65,1,platt,0.3411694455476895,0.15,1
8914,2025-07-06,AREQUIPA,0,0.53863287,0.65,0,platt,0.12769840016767411,0.15,0
8915,2025-07-08,SAN MARTIN,0,0.34242263,0.65,0,platt,0.06743764280356765,0.15,0
8916,2025-07-09,CUSCO,0,0.2836747,0.65,0,platt,0.053865103865942884,0.15,0
8917,2025-07-10,SAN MARTIN,0,0.38238946,0.65,0,platt,0.07759207565162513,0.15,0
8918,2025-07-10,AYACUCHO,1,0.6197949,0.65,0,platt,0.16385239075333544,0.15,1
8919,2025-07-12,CUSCO,0,0.8154233,0.65,1,platt,0.31887684430223684,0.15,1
8920,2025-07-12,CAJAMARCA,0,0.46355808,0.65,0,platt,0.10117042914574298,0.15,0
8921,2025-07-12,SAN MARTIN,0,0.2402194,0.65,0,platt,0.044676567457924685,0.15,0
8922,2025-07-12,CUSCO,0,0.27277592,0.65,0,platt,0.05149918079195632,0.15,0
8923,2025-07-13,CUSCO,0,0.14378753,0.65,0,platt,0.026203694357779517,0.15,0
8924,2025-07-13,CAJAMARCA,0,0.51853365,0.65,0,platt,0.12005231692339854,0.15,0
8925,2025-07-14,SAN MARTIN,0,0.2782516,0.65,0,platt,0.05268242378280292,0.15,0
8926,2025-07-14,CAJAMARCA,0,0.49689883,0.65,0,platt,0.11228990417497074,0.15,0
8927,2025-07-15,AREQUIPA,1,0.74953973,0.65,1,platt,0.2498950039562258,0.15,1
8928,2025-07-16,AREQUIPA,0,0.021413237,0.65,0,platt,0.004516322154908311,0.15,0
8929,2025-07-16,CAJAMARCA,0,0.61036974,0.65,0,platt,0.15914328548338078,0.15,1
8930,2025-07-19,AREQUIPA,0,0.14903758,0.65,0,platt,0.02715663394414701,0.15,0
8931,2025-07-19,HUANCAVELICA,0,0.33255947,0.65,0,platt,0.06505410364923944,0.15,0
8932,2025-07-20,AYACUCHO,0,0.107776515,0.65,0,platt,0.019779809146019078,0.15,0
8933,2025-07-20,CAJAMARCA,0,0.40950546,0.65,0,platt,0.0849858982839504,0.15,0
8934,2025-07-20,CAJAMARCA,0,0.21118912,0.65,0,platt,0.03887068109777883,0.15,0
8935,2025-07-20,AYACUCHO,0,0.5392929,0.65,0,platt,0.12795708267546413,0.15,0
8936,2025-07-21,AREQUIPA,0,0.39419743,0.65,0,platt,0.08075798997787813,0.15,0
8937,2025-07-22,LIMA,0,0.36589062,0.65,0,platt,0.07329925491098528,0.15,0
8938,2025-07-23,AYACUCHO,0,0.011440831,0.65,0,platt,0.002594021363912689,0.15,0
8939,2025-07-24,TUMBES,0,0.61358774,0.65,0,platt,0.16073382963887323,0.15,1
8940,2025-07-24,HUANCAVELICA,1,0.81087947,0.65,1,platt,0.3132295248147817,0.15,1
8941,2025-07-24,ANCASH,0,0.7733972,0.65,1,platt,0.2720281353463744,0.15,1
8942,2025-07-24,AREQUIPA,0,0.1992866,0.65,0,platt,0.03655750475045961,0.15,0
8943,2025-07-26,CUSCO,0,0.7297998,0.65,1,platt,0.23348134696526965,0.15,1
8944,2025-07-26,HUANCAVELICA,1,0.757365,0.65,1,platt,0.2568565446745425,0.15,1
8945,2025-07-26,ANCASH,0,0.79299134,0.65,1,platt,0.29245330268376146,0.15,1
8946,2025-07-28,CUSCO,0,0.52583706,0.65,0,platt,0.12277992722325756,0.15,0
8947,2025-07-29,SAN MARTIN,0,0.34872395,0.65,0,platt,0.06898461834965249,0.15,0
8948,2025-07-29,TUMBES,0,0.6324895,0.65,0,platt,0.17044694532595928,0.15,1
8949,2025-07-29,SAN MARTIN,0,0.0106306495,0.65,0,platt,0.002431471229751996,0.15,0
8950,2025-08-02,AREQUIPA,1,0.042601492,0.65,0,platt,0.008363252062045934,0.15,0
8951,2025-08-03,AYACUCHO,0,0.84906316,0.65,1,platt,0.3663606159480658,0.15,1
8952,2025-08-03,CUSCO,1,0.91933775,0.65,1,platt,0.5172339449861831,0.15,1
8953,2025-08-03,CUSCO,0,0.46606708,0.65,0,platt,0.10197444284717305,0.15,0
8954,2025-08-04,TUMBES,0,0.5267883,0.65,0,platt,0.12313936300901136,0.15,0
8955,2025-08-05,AREQUIPA,0,0.41206086,0.65,0,platt,0.0857058417224025,0.15,0
8956,2025-08-08,HUANCAVELICA,0,0.25073373,0.65,0,platt,0.0468417708015484,0.15,0
8957,2025-08-09,AYACUCHO,0,0.7455877,0.65,1,platt,0.2464814968241656,0.15,1
8958,2025-08-09,AREQUIPA,1,0.7808264,0.65,1,platt,0.2795114582627342,0.15,1
8959,2025-08-10,SAN MARTIN,0,0.358099,0.65,0,platt,0.07132236303458571,0.15,0
8960,2025-08-10,CUSCO,0,0.045247365,0.65,0,platt,0.00883240790368866,0.15,0
8961,2025-08-11,APURIMAC,0,0.22229026,0.65,0,platt,0.04106230503048048,0.15,0
8962,2025-08-13,CUSCO,1,0.40073642,0.65,0,platt,0.08254647190124602,0.15,0
8963,2025-08-15,AYACUCHO,0,0.60598236,0.65,0,platt,0.1570028405131286,0.15,1
8964,2025-08-16,SAN MARTIN,0,0.19861369,0.65,0,platt,0.03642781652372304,0.15,0
8965,2025-08-17,CUSCO,0,0.7367738,0.65,1,platt,0.2391025690054904,0.15,1
8966,2025-08-19,CUSCO,0,0.08745594,0.65,0,platt,0.01621781204772641,0.15,0
8967,2025-08-19,CUSCO,0,0.3240016,0.65,0,platt,0.06302220388192836,0.15,0
8968,2025-08-22,HUANCAVELICA,0,0.83241224,0.65,1,platt,0.341509019701356,0.15,1
8969,2025-08-23,AREQUIPA,0,0.740919,0.65,1,platt,0.2425335722651656,0.15,1
8970,2025-08-23,AYACUCHO,1,0.44288456,0.65,0,platt,0.09473250746025512,0.15,0
8971,2025-08-23,AYACUCHO,0,0.24164861,0.65,0,platt,0.04496884174856982,0.15,0
8972,2025-08-24,AREQUIPA,0,0.07636793,0.65,0,platt,0.014283352927128854,0.15,0
8973,2025-08-25,HUANCAVELICA,0,0.703073,0.65,1,platt,0.21353544044697273,0.15,1
8974,2025-08-27,HUANCAVELICA,1,0.7268183,0.65,1,platt,0.2311339752811718,0.15,1
8975,2025-08-28,CUSCO,1,0.7089302,0.65,1,platt,0.21770453574871873,0.15,1
8976,2025-08-28,AREQUIPA,0,0.008721407,0.65,0,platt,0.0020427008723946315,0.15,0
8977,2025-08-29,HUANCAVELICA,1,0.74303037,0.65,1,platt,0.24430782487995456,0.15,1
8978,2025-08-30,AREQUIPA,0,0.053603977,0.65,0,platt,0.010305406708956156,0.15,0
8979,2025-08-30,CUSCO,1,0.90301365,0.65,1,platt,0.47310528638026816,0.15,1
8980,2025-08-31,CUSCO,0,0.22037607,0.65,0,platt,0.04068195932614619,0.15,0
8981,2025-08-31,TUMBES,0,0.31355557,0.65,0,platt,0.0605857961171063,0.15,0
8982,2025-09-01,SAN MARTIN,0,0.16649424,0.65,0,platt,0.030361772206860094,0.15,0
8983,2025-09-01,HUANCAVELICA,0,0.7506241,0.65,1,platt,0.2508434128251692,0.15,1
8984,2025-09-01,CUSCO,0,0.060612753,0.65,0,platt,0.011533597135280842,0.15,0
8985,2025-09-01,AYACUCHO,0,0.068341315,0.65,0,platt,0.01288351572469174,0.15,0
8986,2025-09-02,CUSCO,0,0.35192814,0.65,0,platt,0.06977868044793319,0.15,0
8987,2025-09-03,AYACUCHO,0,0.7393581,0.65,1,platt,0.2412335746875786,0.15,1
8988,2025-09-03,AYACUCHO,0,0.7561387,0.65,1,platt,0.25574728409012404,0.15,1
8989,2025-09-04,CUSCO,0,0.0064030965,0.65,0,platt,0.0015570485440176893,0.15,0
8990,2025-09-04,HUANCAVELICA,0,0.7881253,0.65,1,platt,0.28716927002783016,0.15,1
8991,2025-09-04,CUSCO,0,0.35757706,0.65,0,platt,0.0711910478835342,0.15,0
8992,2025-09-05,AREQUIPA,0,0.7865125,0.65,1,platt,0.28545004871197094,0.15,1
8993,2025-09-05,CUSCO,0,0.25754187,0.65,0,platt,0.04826276043010533,0.15,0
8994,2025-09-05,SAN MARTIN,1,0.2940469,0.65,0,platt,0.05615794418855418,0.15,0
8995,2025-09-06,AREQUIPA,0,0.7520104,0.65,1,platt,0.2520633827318945,0.15,1
8996,2025-09-07,CUSCO,0,0.01332919,0.65,0,platt,0.002968197995540126,0.15,0
8997,2025-09-08,SAN MARTIN,0,0.11175536,0.65,0,platt,0.020481424834322387,0.15,0
8998,2025-09-08,CUSCO,0,0.009582678,0.65,0,platt,0.0022191484808480734,0.15,0
8999,2025-09-09,AYACUCHO,0,0.37607434,0.65,0,platt,0.07593139364759241,0.15,0
9000,2025-09-09,CUSCO,0,0.5103687,0.65,0,platt,0.11706840050885924,0.15,0
9001,2025-09-09,AYACUCHO,0,0.31062844,0.65,0,platt,0.059911461351996195,0.15,0
9002,2025-09-10,CUSCO,0,0.45798153,0.65,0,platt,0.09940139791244666,0.15,0
9003,2025-09-12,CUSCO,0,0.0682293,0.65,0,platt,0.012863971380752725,0.15,0
9004,2025-09-14,CUSCO,0,0.36625263,0.65,0,platt,0.07339187252800411,0.15,0
9005,2025-09-15,SAN MARTIN,0,0.00142894,0.65,0,platt,0.00041868868637175757,0.15,0
9006,2025-09-15,LIMA,0,0.64085114,0.65,0,platt,0.17495843027272048,0.15,1
9007,2025-09-15,AREQUIPA,0,0.54308766,0.65,0,platt,0.12945419543770512,0.15,0
9008,2025-09-15,SAN MARTIN,0,0.521532,0.65,0,platt,0.12116530151887986,0.15,0
9009,2025-09-16,CUSCO,1,0.4287294,0.65,0,platt,0.09050643117273169,0.15,0
9010,2025-09-16,AREQUIPA,0,0.046283472,0.65,0,platt,0.00901571248821436,0.15,0
9011,2025-09-17,AYACUCHO,0,0.7681629,0.65,1,platt,0.26693330990894,0.15,1
9012,2025-09-17,LIMA,0,0.03844341,0.65,0,platt,0.007622411759607418,0.15,0
9013,2025-09-17,CUSCO,0,0.023084978,0.65,0,platt,0.004828545509216352,0.15,0
9014,2025-09-19,CUSCO,0,0.40200478,0.65,0,platt,0.0828963735150238,0.15,0
9015,2025-09-19,AYACUCHO,0,0.31494963,0.65,0,platt,0.06090822622713916,0.15,0
9016,2025-09-19,AREQUIPA,0,0.0176852,0.65,0,platt,0.0038113753415357993,0.15,0
9017,2025-09-20,CUSCO,0,0.14134757,0.65,0,platt,0.02576242164421645,0.15,0
9018,2025-09-20,HUANCAVELICA,0,0.4740133,0.65,0,platt,0.1045547817361311,0.15,0
9019,2025-09-20,CUSCO,0,0.11199724,0.65,0,platt,0.020524130508672446,0.15,0
9020,2025-09-20,CUSCO,0,0.12968658,0.65,0,platt,0.023666681660880682,0.15,0
9021,2025-09-22,SAN MARTIN,0,0.05066118,0.65,0,platt,0.009787984783646769,0.15,0
9022,2025-09-25,TUMBES,0,0.2565107,0.65,0,platt,0.048046553929069466,0.15,0
9023,2025-09-27,SAN MARTIN,0,0.3686614,0.65,0,platt,0.07400990474205606,0.15,0
9024,2025-09-27,AYACUCHO,0,0.013359218,0.65,0,platt,0.002974099802877351,0.15,0
9025,2025-09-28,AYACUCHO,0,0.5743474,0.65,0,platt,0.14246090582354723,0.15,0
9026,2025-10-01,LIMA,0,0.38261425,0.65,0,platt,0.0776516016967832,0.15,0
9027,2025-10-02,AREQUIPA,0,0.8975643,0.65,1,platt,0.45990548443361845,0.15,1
9028,2025-10-02,CUSCO,1,0.7476521,0.65,1,platt,0.2482562582273362,0.15,1
9029,2025-10-06,CUSCO,0,0.7402594,0.65,1,platt,0.24198302536811678,0.15,1
9030,2025-10-06,SAN MARTIN,0,0.024127418,0.65,0,platt,0.0050221862455919015,0.15,0
9031,2025-10-07,CUSCO,0,0.8234955,0.65,1,platt,0.3293185190351622,0.15,1
9032,2025-10-07,AYACUCHO,0,0.5073955,0.65,0,platt,0.11599848524074015,0.15,0
9033,2025-10-08,CUSCO,1,0.7372982,0.65,1,platt,0.2395328441903724,0.15,1
9034,2025-10-10,AREQUIPA,0,0.46011865,0.65,0,platt,0.10007644508333448,0.15,0
9035,2025-10-11,AREQUIPA,0,0.62186134,0.65,0,platt,0.16490570596861404,0.15,1
9036,2025-10-11,HUANCAVELICA,1,0.7684407,0.65,1,platt,0.26720016657225254,0.15,1
9037,2025-10-11,SAN MARTIN,0,0.31029457,0.65,0,platt,0.05983477367612657,0.15,0
9038,2025-10-11,SAN MARTIN,0,0.077648886,0.65,0,platt,0.014506711998627145,0.15,0
9039,2025-10-12,SAN MARTIN,0,0.115310356,0.65,0,platt,0.0211097541302606,0.15,0
9040,2025-10-12,SAN MARTIN,0,0.09890733,0.65,0,platt,0.018221314881856323,0.15,0
9041,2025-10-13,TUMBES,0,0.23809764,0.65,0,platt,0.04424382974791878,0.15,0
9042,2025-10-14,CUSCO,0,0.44026917,0.65,0,platt,0.09394091355612713,0.15,0
9043,2025-10-15,SAN MARTIN,0,0.1000157,0.65,0,platt,0.018415706531290828,0.15,0
9044,2025-10-17,HUANCAVELICA,0,0.83871186,0.65,1,platt,0.35057315844601905,0.15,1
9045,2025-10-18,CUSCO,0,0.28679004,0.65,0,platt,0.05454946371307241,0.15,0
9046,2025-10-18,CUSCO,1,0.651497,0.65,1,platt,0.18090800737418697,0.15,1
9047,2025-10-19,AREQUIPA,0,0.61747086,0.65,0,platt,0.1626768519101084,0.15,1
9048,2025-10-21,SAN MARTIN,0,0.21774586,0.65,0,platt,0.04016101650799833,0.15,0
9049,2025-10-22,AREQUIPA,0,0.49997833,0.65,0,platt,0.11336701093287334,0.15,0
9050,2025-10-23,AREQUIPA,1,0.78074145,0.65,1,platt,0.2794241679648757,0.15,1
9051,2025-10-26,AREQUIPA,0,0.81144345,0.65,1,platt,0.31392181687733045,0.15,1
9052,2025-10-26,SAN MARTIN,0,0.08738532,0.65,0,platt,0.01620547855969493,0.15,0
9053,2025-10-28,HUANCAVELICA,0,0.7040659,0.65,1,platt,0.21423468426609055,0.15,1
9054,2025-10-30,LIMA,0,0.45237035,0.65,0,platt,0.09764591326409863,0.15,0
9055,2025-11-02,SAN MARTIN,0,0.35426545,0.65,0,platt,0.07036112206129376,0.15,0
9056,2025-11-02,CUSCO,0,0.31458113,0.65,0,platt,0.06082291494026997,0.15,0
9057,2025-11-05,HUANCAVELICA,0,0.6378356,0.65,0,platt,0.17331549227260454,0.15,1
9058,2025-11-06,AREQUIPA,0,0.017880235,0.65,0,platt,0.003848591261239867,0.15,0
9059,2025-11-07,CUSCO,0,0.46135762,0.65,0,platt,0.100469443652332,0.15,0
9060,2025-11-08,AREQUIPA,0,0.6269596,0.65,0,platt,0.1675375796210042,0.15,1
9061,2025-11-09,AREQUIPA,0,0.74212366,0.65,1,platt,0.24354365688959875,0.15,1
9062,2025-11-11,CUSCO,0,0.070210345,0.65,0,platt,0.013209575426056474,0.15,0
9063,2025-11-13,AREQUIPA,0,0.141116,0.65,0,platt,0.025720591639672337,0.15,0
9064,2025-11-13,LIMA,0,0.028908813,0.65,0,platt,0.005901508719655683,0.15,0
9065,2025-11-15,TUMBES,0,0.12023117,0.65,0,platt,0.021981939285649003,0.15,0
9066,2025-11-15,SAN MARTIN,0,0.31453055,0.65,0,platt,0.06081121114155683,0.15,0
9067,2025-11-16,AREQUIPA,0,0.7691651,0.65,1,platt,0.26789781609456115,0.15,1
9068,2025-11-17,AREQUIPA,0,0.19864282,0.65,0,platt,0.036433428689540935,0.15,0
9069,2025-11-19,AREQUIPA,0,0.28944957,0.65,0,platt,0.0551365983156607,0.15,0
9070,2025-11-19,SAN MARTIN,0,0.026499853,0.65,0,platt,0.005460181722016467,0.15,0
9071,2025-11-21,AREQUIPA,0,0.51540166,0.65,0,platt,0.118899687759436,0.15,0
9072,2025-11-23,LIMA,0,0.34928536,0.65,0,platt,0.06912338277922433,0.15,0
9073,2025-11-23,TUMBES,0,0.07117977,0.65,0,platt,0.013378659896270118,0.15,0
9074,2025-11-29,TUMBES,0,0.21409746,0.65,0,platt,0.03944158212140807,0.15,0
9075,2025-11-29,CUSCO,0,0.02654914,0.65,0,platt,0.005469244072716985,0.15,0
9076,2025-11-30,AREQUIPA,1,0.52758384,0.65,0,platt,0.12344072085724837,0.15,0
9077,2025-11-30,CUSCO,0,0.79062515,0.65,1,platt,0.2898654754974379,0.15,1
9078,2025-11-30,SAN MARTIN,0,0.09680025,0.65,0,platt,0.01785202562583116,0.15,0
9079,2025-12-01,SAN MARTIN,0,0.021916116,0.65,0,platt,0.004610471666492382,0.15,0
9080,2025-12-02,SAN MARTIN,0,0.747542,0.65,1,platt,0.24816115649905807,0.15,1
9081,2025-12-05,SAN MARTIN,0,0.23022035,0.65,0,platt,0.04264917676532317,0.15,0
9082,2025-12-05,SAN MARTIN,0,0.022125427,0.65,0,platt,0.0046495997459727175,0.15,0
9083,2025-12-06,LIMA,0,0.11845085,0.65,0,platt,0.021666046523381312,0.15,0
9084,2025-12-07,LIMA,0,0.7031515,0.65,1,platt,0.21359061362957069,0.15,1
9085,2025-12-07,LIMA,0,0.68984663,0.65,1,platt,0.2044996717023068,0.15,1
9086,2025-12-07,SAN MARTIN,0,0.13636485,0.65,0,platt,0.02486431918481251,0.15,0
9087,2025-12-07,SAN MARTIN,0,0.17547573,0.65,0,platt,0.03203465199785618,0.15,0
9088,2025-12-08,TUMBES,0,0.26435435,0.65,0,platt,0.04970015338287013,0.15,0
9089,2025-12-09,AREQUIPA,0,0.7411441,0.65,1,platt,0.24272188620419813,0.15,1
9090,2025-12-12,LIMA,0,0.06467197,0.65,0,platt,0.012243010061698808,0.15,0
9091,2025-12-12,AREQUIPA,0,0.68520415,0.65,1,platt,0.20144582981235926,0.15,1
9092,2025-12-13,SAN MARTIN,0,0.35621807,0.65,0,platt,0.07084980048550434,0.15,0
9093,2025-12-14,AREQUIPA,0,0.28617102,0.65,0,platt,0.05441318960094277,0.15,0
9094,2025-12-15,SAN MARTIN,0,0.33004552,0.65,0,platt,0.06445378582507352,0.15,0
9095,2025-12-15,AREQUIPA,0,0.71414405,0.65,1,platt,0.221507472733776,0.15,1
9096,2025-12-15,SAN MARTIN,0,0.20807774,0.65,0,platt,0.038262433322872644,0.15,0
9097,2025-12-18,TUMBES,0,0.3362121,0.65,0,platt,0.06593150448651408,0.15,0
9098,2025-12-21,TUMBES,0,0.12875545,0.65,0,platt,0.02350022537344601,0.15,0
9099,2025-12-21,TUMBES,0,0.012318019,0.65,0,platt,0.002768603414576169,0.15,0
9100,2025-12-24,AREQUIPA,1,0.98508024,0.65,1,platt,0.8325059778658811,0.15,1
9101,2025-12-24,AREQUIPA,0,0.28664008,0.65,0,platt,0.05451643652077502,0.15,0
9102,2025-12-28,TUMBES,0,0.15687835,0.65,0,platt,0.028589029202964966,0.15,0
9103,2025-12-30,AREQUIPA,0,0.66562396,0.65,1,platt,0.18918415026133395,0.15,1
